"a_y","a_z","a_x"
0.6221307034,0.1738913385,0.3921274234
0.5837495376,0.2732934797,0.2987614417
0.6156482384,0.1976529006,0.328553133
0.5957702838,0.2403990326,0.3661098543
0.5446524681,0.2294988553,0.442985722
0.6905361161,0.1641044272,0.3781355524
0.6453495274,0.2488421176,0.2853666377
0.6714757725,0.1837927225,0.355083516
0.644918705,0.1650012322,0.3421238777
0.6118692822,0.2466745987,0.3416533138
0.4746562888,0.4054235573,0.2813174488
0.5529121337,0.2804203231,0.3425550204
0.537940927,0.1849392199,0.3911231766
0.6679801278,0.208947555,0.3590652122
0.5685236532,0.2545315622,0.2950011828
0.6341112757,0.2197593926,0.2746086046
0.7187882018,0.2402383616,0.2429896514
0.6506825617,0.2593719825,0.2968864383
0.6393548936,0.2857187783,0.2728809753
0.5548403946,0.242914097,0.3754167606
0.5690427919,0.2520487511,0.3381052976
0.283063381,0.5634794666,0.2799688115
0.6661950102,0.1966169575,0.2755975323
0.669756535,0.1922577822,0.3065848949
0.6507987668,0.2759197693,0.2878645576
0.6306085186,0.2227288388,0.3766739633
0.6810108437,0.2125669588,0.2915214276
0.6345314384,0.1594676982,0.302323428
0.7490033493,0.2585156947,0.2565484689
0.6449978818,0.2294781478,0.3386519377
0.6267763391,0.3143630375,0.2456175732
0.7292477608,0.1636152385,0.3546279538
0.6321991445,0.1696242649,0.3750105957
0.4975162939,0.3467124425,0.3114020358
0.6609987754,0.2596854245,0.2490578747
0.666944217,0.2408703117,0.3398529192
0.6485972217,0.1781946469,0.2405152229
0.6506800349,0.1302972791,0.1380675424
0.6101538376,0.2282526434,0.3887739118
0.5640126953,0.2788665901,0.3511386051
0.6264226985,0.2400605785,0.3468392425
0.6813918339,0.1688917954,0.3511543295
0.6332095063,0.1976838534,0.3462797626
0.6855613007,0.1962979871,0.3030613107
0.5944940481,0.274023116,0.3362420354
0.6766107189,0.228300187,0.2812158279
0.6277583029,0.2280850832,0.340866454
0.5954505271,0.2500210378,0.3673632261
0.6602018487,0.2710134596,0.2591167913
0.6346769799,0.1873775265,0.3829649663
0.6473938605,0.2410436333,0.322316282
0.5578304799,0.250751271,0.3883926736
0.6018020953,0.2624782902,0.3061793888
0.6412716696,0.2245208293,0.2761104966
0.685250331,0.1442929082,0.2772634404
0.5542244055,0.3096179005,0.3329120268
0.6267271196,0.2206381575,0.2625409079
0.639212953,0.1641748102,0.3966853485
0.6709408782,0.1414299194,0.3836486565
0.6216649586,0.2411772635,0.3499942607
0.5896443731,0.2960139763,0.2964493541
0.6865430975,0.2185662711,0.2766547981
0.5512959356,0.3073290785,0.2627044308
0.6426224848,0.1968792832,0.2329534482
0.5847962491,0.2955856166,0.3024051422
0.3995594764,0.3859695751,0.3988777089
0.642008439,0.1637756991,0.3797917713
0.6676854898,0.2037122873,0.3441422954
0.6838001591,0.2312574246,0.2450432019
0.6709001939,0.2157703076,0.3457210696
0.4909930112,0.4148177796,0.2563358842
0.6849920652,0.2287434859,0.2711319665
0.5379473952,0.2763754311,0.3149031943
0.6600463436,0.2217809574,0.3354895182
0.6245968823,0.2386197464,0.2602040038
0.5014834014,0.3225575725,0.3487694065
0.5275915978,0.3679882814,0.1450852278
0.6908190372,0.2664876026,0.3458835671
0.6586748721,0.2165296901,0.3125284527
0.6202871081,0.2654773112,0.296444589
0.6502199941,0.2435649398,0.2836076303
0.6664613776,0.1938139208,0.3635220495
0.6944802766,0.1357748281,0.2888400326
0.6972690975,0.1684643396,0.2949213928
0.4200207058,0.3778749973,0.3603557074
0.5776321164,0.3400481779,0.3395521594
0.5605232817,0.2398701313,0.372716951
0.6560486104,0.1707128643,0.3402760447
0.670762017,0.2285293917,0.3257987402
0.5922691186,0.2390397262,0.341988489
0.5825200842,0.2113808365,0.3829700878
0.6466561114,0.1623923666,0.3494887453
0.6347016004,0.219478623,0.3623433148
0.5695880622,0.2407296679,0.3048820321
0.5601547552,0.3036971874,0.3271339536
0.7150609659,0.2439318679,0.2813797432
0.6114122994,0.2916776461,0.3083570629
0.6599307859,0.2285690723,0.2798597453
0.4682335913,0.2758412485,0.3037236839
0.64890642,0.2302404037,0.313328897
0.6003198444,0.2603751566,0.2899290184
0.5279427723,0.3004448108,0.3382991161
0.6285496587,0.2466727933,0.2951774468
0.6400426328,0.2356581258,0.3565753047
0.5274621272,0.2176654034,0.4336206017
0.7117941528,0.2248267427,0.2851606989
0.6508369779,0.2136368533,0.3193617714
0.6772814197,0.2600094082,0.2142016304
0.6667591217,0.1518043331,0.3490771412
0.6357436431,0.1343415011,0.4047555776
0.602031945,0.2670844495,0.304248523
0.5834366018,0.2531672586,0.2594047996
0.6412157835,0.2110393297,0.3691022131
0.692431003,0.1690290188,0.3493445475
0.6134045936,0.2637968535,0.2857018106
0.4979007728,0.289876945,0.3390769336
0.6874741822,0.2237011889,0.2974328621
0.5990337718,0.3190798549,0.2872603415
0.642756809,0.2137136207,0.3312697776
0.5849002706,0.2262717095,0.351804328
0.6467074155,0.183626362,0.3898411793
0.6582112013,0.2635715232,0.2904920679
0.6283748224,0.2668562917,0.2903844568
0.5070294545,0.2972658485,0.2652192048
0.6995141465,0.2101812496,0.3218305888
0.6584641272,0.2042994702,0.2309509778
0.5955578396,0.2687585859,0.3425583737
0.6809887578,0.1753417599,0.3349384399
0.5576232396,0.3030581206,0.3471220051
0.5937051219,0.210391336,0.384486233
0.6210559749,0.2616234777,0.3021929136
0.5969144732,0.2085898933,0.3695009535
0.6742784576,0.197516888,0.3076490888
0.552258094,0.2484713903,0.3255758763
0.6395797273,0.2043425262,0.3207176784
0.4598131141,0.3283518569,0.3551338599
0.6735727367,0.1760913086,0.3541384103
0.6874211966,0.2072370209,0.2824275196
0.6571908172,0.1343070986,0.3536528503
0.6643973467,0.1734016208,0.3699766856
0.6031777899,0.2247535407,0.2905839639
0.6626099361,0.2266122387,0.2577892702
0.6691266552,0.186063023,0.2447676598
0.5474365993,0.3189726639,0.3629698788
0.5941508807,0.2091851109,0.3857136776
0.6267552,0.2381992385,0.3320090103
0.6457662961,0.2112893041,0.2708217382
0.612287005,0.2593431468,0.2890264323
0.6910089943,0.1904857507,0.2985453247
0.7196501155,0.2146960173,0.3475708885
0.6261149048,0.2303925094,0.3170411588
0.6298900039,0.3004165821,0.285214672
0.6745167781,0.219728403,0.2957442658
0.6594788023,0.2126707693,0.3257398935
0.5162782675,0.2284053668,0.4187437502
0.5832104378,0.2714031799,0.3305663309
0.6767063899,0.1872858242,0.2936896886
0.5889279382,0.2367160256,0.3408666456
0.6541365583,0.1742807413,0.3509702431
0.6647967216,0.2071328979,0.3486830855
0.7024382509,0.1338000175,0.4201782174
0.5933095258,0.1819561422,0.3768224565
0.6356046831,0.2428900154,0.2958403443
0.6952051035,0.1539345211,0.3256342282
0.6403481263,0.2655046273,0.319807336
0.6499348457,0.199815315,0.3032928471
0.7092360317,0.1271462025,0.4263873259
0.5947905058,0.1629172062,0.413122637
0.714084268,0.1920218995,0.31699095
0.6071539927,0.2626336593,0.2918790877
0.7025451896,0.1762164655,0.2825678903
0.6218123065,0.2901512807,0.3008689015
0.6698866376,0.2343300813,0.2828005132
0.6434179482,0.1919569048,0.3642175535
0.6108390675,0.1713213111,0.3886931971
0.6387335544,0.1922204972,0.3136158467
0.6809262401,0.1548203547,0.3633068615
0.7624525471,0.1709244626,0.3029610798
0.5639211633,0.243118031,0.3998292453
0.6225549953,0.1514290882,0.2578771388
0.5803863956,0.3073040803,0.2920961582
0.6980516331,0.1901522618,0.2839323761
0.6699605172,0.245277582,0.2692452188
0.624014171,0.2048903739,0.2963541327
0.633446133,0.2649154761,0.2549226871
0.5355248532,0.2198250588,0.4404439696
0.6725890622,0.2127549209,0.2930870895
0.4759996372,0.3907904532,0.322257141
0.582700939,0.1890917644,0.4088477367
0.4976374902,0.3698233701,0.3193279233
0.6703652438,0.2149542078,0.3618565357
0.7103653635,0.1674397727,0.3009727096
0.4705474368,0.2928461419,0.401291771
0.6055579683,0.2120096998,0.4086198819
0.6454444775,0.273239728,0.2678740975
0.6150310881,0.2151914199,0.352707885
0.6729521716,0.2034828846,0.3588083807
0.655742573,0.1742677605,0.3336863178
0.7420664519,0.171537285,0.3047765906
0.6215891213,0.2676099965,0.2408694638
0.5724427976,0.2231781646,0.3758163897
0.5649298385,0.2340965537,0.4171091204
0.6334736535,0.2124214369,0.3401787412
0.5606652055,0.30840684,0.2802654408
0.6440653885,0.1765172854,0.3633026531
0.6330322698,0.2040301892,0.2819015282
0.5808149696,0.2460515307,0.2891519244
0.6571987427,0.2451701695,0.2364700566
0.6338458685,0.2325942945,0.3170414757
0.6516346514,0.1032747847,0.3791000087
0.6543937873,0.2293637571,0.2930919863
0.6032623917,0.2423891346,0.3181876858
0.6699401106,0.1949480712,0.1769783973
0.5873771653,0.0865832183,0.4392532083
0.570962678,0.3257974051,0.3728665829
0.6666425034,0.2122679675,0.3016512256
0.6275046449,0.2378648747,0.3022910127
0.6231319013,0.2975050318,0.2952076081
0.6808230859,0.1828891935,0.3376778295
0.648071781,0.2104336131,0.2912703091
0.6814540866,0.1415258707,0.3745886463
0.5923948253,0.1938553634,0.435658618
0.6830779981,0.2721868446,0.2406248695
0.4538509791,0.3890411721,0.23753652
0.6617911798,0.2231386958,0.2169389886
0.6207449975,0.2043850387,0.3726150486
0.6755269572,0.2064443886,0.2907433802
0.4146538531,0.5056294028,0.157283266
0.647981075,0.1667893209,0.3565404471
0.5644067318,0.2911498476,0.2940787726
0.5819018516,0.1932752956,0.3540982751
0.6504205712,0.2433228691,0.3405277765
0.582913035,0.2695515409,0.3701507154
0.5118680616,0.345488669,0.2693108631
0.6379781709,0.231739559,0.3182939087
0.6341748844,0.110511197,0.4591675007
0.6750890406,0.2185083433,0.3597707693
0.5807657813,0.2442365824,0.3234389373
0.6345117078,0.1602202346,0.3893073787
0.7204021115,0.2057597772,0.2643068829
0.6662568262,0.2549378922,0.2729734419
0.3661329959,0.4610901316,0.3325372476
0.7229929286,0.1614202634,0.3283948365
0.4825232734,0.3911329709,0.2556084597
0.590845161,0.2301883026,0.3236469294
0.6023507265,0.2797787113,0.2692386272
0.6509208443,0.2167309029,0.3212470468
0.6241806431,0.2119046741,0.282414208
0.6612903049,0.237144516,0.2978872862
0.5624108624,0.2535125689,0.1821151225
0.6934552677,0.1900541582,0.3253189907
0.7063405075,0.2064262307,0.2246422276
0.6647546476,0.1967318331,0.3325666749
0.6293827862,0.2402133088,0.1608215181
0.6653580517,0.1883979917,0.2980359357
0.6788789056,0.2508847377,0.2760592031
0.6594773866,0.2190554407,0.3317915289
0.3855346525,0.3751440424,0.397437
0.4155795382,0.4703014353,0.3581916307
0.6393611234,0.234620257,0.3063433721
0.6762938897,0.2141133958,0.3328381624
0.6979873866,0.1891255998,0.2810764424
0.7102800656,0.1164545241,0.4030651107
0.5987484786,0.2053477777,0.3485873276
0.6983423513,0.2208826269,0.289962728
0.5493239836,0.2823546692,0.2423129045
0.562155086,0.2655913369,0.4024305269
0.6587048954,0.2153102998,0.3983618715
0.665352213,0.0871741089,0.2007998315
0.5994809071,0.2224466534,0.3691087561
0.6441519602,0.2649906788,0.2790168858
0.6717077744,0.1825360699,0.2126753191
0.5814382589,0.235247925,0.3161852958
0.6964995802,0.1852360452,0.2686888085
0.5783366466,0.1987502966,0.4027980182
0.6778470816,0.1574635455,0.3321585668
0.7028855679,0.1350358263,0.3368775512
0.7067312129,0.1815392623,0.3069675428
0.6886198594,0.1901943459,0.2742381906
0.6616602906,0.1914853091,0.3006920284
0.6679385745,0.1805172283,0.3180430592
0.5908349673,0.1844468206,0.3596046794
0.5694164716,0.2720581177,0.3290152079
0.6699281867,0.1320542563,0.3635370181
0.61367732,0.271733248,0.228679808
0.5627267211,0.2982688704,0.3254183996
0.5820556885,0.2728412938,0.3281318051
0.6472683815,0.2434216589,0.2750446736
0.7079907237,0.2089023332,0.2740772725
0.6533539367,0.1976099457,0.3268202768
0.6873519011,0.1634649164,0.342140282
0.6494956014,0.2123463342,0.294397799
0.6294772642,0.2342939173,0.2414109005
0.6373802391,0.2231760321,0.3345737801
0.6536006971,0.2650843599,0.222335891
0.7210498905,0.2215281728,0.3010920775
0.553227611,0.302359824,0.3508423172
0.6527862284,0.2238009148,0.2618203047
0.6038824498,0.2845951875,0.2638105393
0.7183141865,0.2143923225,0.3123965263
0.4464763908,0.3477587527,0.2843485406
0.6164688541,0.2075067456,0.2724654781
0.6902146154,0.2276172289,0.2802115755
0.6415815335,0.2579748028,0.2798269379
0.6543956937,0.1499998692,0.3445321332
0.5792326414,0.2954458944,0.3573212343
0.5007438778,0.3065560197,0.2898979467
0.6190601723,0.2586949246,0.3264352438
0.7037995205,0.1986044558,0.3338693273
0.6913694662,0.2203437524,0.2823208112
0.6993672535,0.3334351925,0.2651334228
0.6902721108,0.1750971117,0.2512987963
0.5196581025,0.2189495137,0.5052022947
0.6484928133,0.2564416371,0.2627591677
0.5874361259,0.1499989591,0.4345736854
0.5787848187,0.1865250548,0.3673462738
0.6436261814,0.2337140584,0.3896889163
0.6271041066,0.1846643782,0.393216861
0.5916113663,0.2801713573,0.2945331436
0.7306708004,0.1633318607,0.3458534275
0.6424236996,0.17641754,0.4038429636
0.5605459411,0.3051490073,0.3000496726
0.6685361713,0.1833938842,0.34730968
0.6813631033,0.1762937158,0.3731306882
0.6488394628,0.2058854281,0.3717811851
0.6837529512,0.1419263327,0.3579606539
0.6520691239,0.1905022521,0.4122018671
0.6603576754,0.2091703374,0.3108365026
0.6434431768,0.201157572,0.3679715542
0.6604988016,0.2038001551,0.3419521551
0.4754570494,0.2554402686,0.3890683442
0.6429009909,0.2165375992,0.2893330702
0.679008578,0.2048041799,0.2879391877
0.5788417981,0.2302737835,0.411888345
0.6186846063,0.2109162615,0.4270669399
0.611917325,0.2664264891,0.3553437352
0.6257650942,0.1761771398,0.3628077042
0.5845611526,0.281690244,0.3000758425
0.6786902503,0.129872252,0.4243794912
0.6876663894,0.1847352747,0.2820865614
0.6399547435,0.247678271,0.2969517989
0.5685701523,0.2355559164,0.4087931269
0.5931440289,0.3199860621,0.2001813426
0.6684519581,0.2121717352,0.2990678217
0.6762102797,0.1602581827,0.3661370091
0.6439998105,0.2248949567,0.2586814318
0.5992732813,0.2490069502,0.4030793685
0.6059202164,0.2240638679,0.2783983326
0.6456816444,0.1068204427,0.4153104342
0.6024914672,0.2159807958,0.3228154861
0.657080278,0.1764715786,0.3349966519
0.6535411488,0.2340912855,0.3330221946
0.66129671,0.2450104801,0.3207795192
0.5588955138,0.3031160847,0.3031281568
0.5598162938,0.2466745815,0.2373005619
0.5372751068,0.3235395512,0.3145696229
0.6469204018,0.1995688799,0.3124755238
0.5881105142,0.2773118447,0.2955392669
0.5818259013,0.3443232859,0.2898335555
0.6340386207,0.2147986733,0.3569375307
0.7304859262,0.188436447,0.2401688893
0.6987716302,0.2229850716,0.2265779456
0.6542097463,0.2289396017,0.3071042533
0.6648116712,0.2154287695,0.2278549023
0.6577209712,0.2635764544,0.2768414576
0.6757986125,0.1886009269,0.2887174255
0.5824291214,0.2482509608,0.3714417667
0.5691829249,0.2543937359,0.3659777233
0.8049607558,0.1742365201,0.2854904492
0.6589424655,0.2095436055,0.2392736251
0.6355024799,0.2732800386,0.3365494931
0.5664475624,0.2502697606,0.2727058144
0.6090311159,0.3163796797,0.2909324442
0.6903557222,0.1739220471,0.294870599
0.5081984471,0.2510873687,0.4323002351
0.5512913522,0.2595562797,0.3979037548
0.5864637203,0.2866377726,0.204880236
0.6327577722,0.2302368924,0.335436205
0.6896766125,0.219456345,0.2393004375
0.5854602497,0.1194699781,0.505832738
0.7002831082,0.0646446021,0.2705298966
0.5989749589,0.1966349052,0.3415720174
0.5464940317,0.2015931448,0.3903038094
0.6442894653,0.1967874042,0.3442789737
0.3817210473,0.4552294426,0.3131775141
0.5300802727,0.3236153527,0.2927353312
0.6363131617,0.2473359102,0.295602516
0.6361789234,0.1499754692,0.3048297708
0.5391513014,0.2251454209,0.4289810637
0.5119862205,0.2046185963,0.4560548337
0.6207326901,0.1605499499,0.3874044926
0.6223632927,0.1806026474,0.4028222146
0.5740530098,0.2404724362,0.3353840813
0.5972776585,0.2293510661,0.3846734405
0.6334067031,0.1938911071,0.3080088714
0.6512828037,0.2011900855,0.3021149156
0.5963350834,0.2640760209,0.3126950996
0.3988012281,0.3831058663,0.3912188425
0.6543381221,0.1665453716,0.3136021527
0.4993190411,0.3469995371,0.3922865256
0.6819495175,0.2030897599,0.347689371
0.7339198006,0.135319066,0.3456081044
0.6588142628,0.1966004624,0.2310798143
0.6938609814,0.253325188,0.2355548066
0.642353635,0.1832551222,0.3505085038
0.6728608915,0.1610188216,0.3513897191
0.5862478641,0.2459161053,0.2964934999
0.5827963874,0.2345672578,0.1942891215
0.5959543131,0.2763164577,0.2219450369
0.4935186656,0.1826264358,0.4668108161
0.6245631875,0.2533156079,0.2478600927
0.6658912405,0.2318845558,0.3369546536
0.3650865141,0.4656562706,0.3477720057
0.6177801554,0.1690077953,0.3631337014
0.6579840931,0.1323218554,0.4249703552
0.573942926,0.2055121581,0.3980496976
0.6371787359,0.2406119543,0.319896567
0.4806287659,0.3325847691,0.312426215
0.499951902,0.3568779872,0.2689129991
0.6582188977,0.204322432,0.3479898294
0.5552085205,0.2909941966,0.3565850459
0.5811909288,0.2443987602,0.315897731
0.5351944826,0.3091515447,0.349964999
0.6759480432,0.215421199,0.3518394933
0.5950873162,0.2337854298,0.3271053536
0.6635839358,0.1772977176,0.3442527093
0.7098893547,0.230845525,0.2678713621
0.675644004,0.1758384553,0.2990912311
0.5887392229,0.2964647747,0.2878109558
0.5321810943,0.3222404318,0.3444343861
0.6438439981,0.2531233596,0.3571109877
0.6263522485,0.2080197031,0.335939336
0.6085037509,0.2904052398,0.3593626062
0.6112337983,0.2775813531,0.3319609173
0.6281490014,0.2427056687,0.2852018255
0.507878316,0.3088214814,0.3528049614
0.6129988064,0.2217961905,0.3850773199
0.6034749132,0.1991832597,0.3861150315
0.6124530883,0.2762485036,0.2805953551
0.5730733671,0.2568506677,0.3970419849
0.60786898,0.2599528568,0.3193629182
0.6601481391,0.2489995008,0.3383569127
0.5481890141,0.2235187052,0.3672415868
0.5582236508,0.2993358208,0.291498386
0.5212092774,0.2115568598,0.4234658239
0.6060470206,0.2281554347,0.3979223072
0.5739174257,0.2413759299,0.4151779603
0.5175943672,0.3350963225,0.348178903
0.5715609208,0.2619823142,0.4038834938
0.6603814277,0.1852506837,0.363072653
0.6899998113,0.0797973816,0.4572039309
0.6476479413,0.2677269585,0.4085160668
0.5968648231,0.22868811,0.3535935485
0.6007732339,0.226834373,0.3571132193
0.6287957999,0.2689242637,0.377893905
0.657056608,0.1994173363,0.3735881445
0.6507468843,0.2246579594,0.2769036213
0.5831560359,0.2537806498,0.2827847683
0.6550155792,0.270219679,0.2930750649
0.6040662292,0.2337183506,0.3550492401
0.6084214058,0.2302888104,0.3469342591
0.6390350706,0.2572241434,0.2882216623
0.6433926432,0.2067830486,0.3460737783
0.6241776619,0.2586573411,0.4053523222
0.6325216557,0.2110970746,0.3315086632
0.6412077168,0.2223992205,0.3047673555
0.6110544233,0.2710431725,0.2745086279
0.616927451,0.2361738763,0.3198413414
0.6826603154,0.1751796086,0.365389784
0.6170511126,0.2014702924,0.3852873869
0.6091621373,0.219170212,0.3642705576
0.6168805172,0.2332816108,0.3131737481
0.5949440407,0.2455579681,0.2700522817
0.6196457336,0.2032671407,0.3368009523
0.6135097501,0.2059950302,0.4471680492
0.5661029239,0.289352264,0.2755374945
0.645079892,0.2445972035,0.312853036
0.5759437351,0.2072256485,0.3622627192
0.6432264386,0.2266999557,0.3986776902
0.607751738,0.2273205333,0.4279272863
0.5319009236,0.2575194969,0.3741023281
0.5953888487,0.2760971713,0.3134210072
0.6067973103,0.2536917738,0.3519964055
0.6490639636,0.2334590417,0.3223660813
0.6126175378,0.2499822856,0.2499503291
0.5971669685,0.2714526409,0.386863854
0.6846114024,0.2314279959,0.2779189974
0.6755391654,0.1959441602,0.3120758011
0.6150731853,0.2483489869,0.2793857665
0.5774587488,0.2286350837,0.3834685341
0.5253962216,0.3175939099,0.2753218029
0.556074481,0.2964311138,0.2984804733
0.5543153959,0.2936799328,0.2991803781
0.6646973776,0.2075095221,0.3437217244
0.6476681584,0.2317217788,0.3073425311
0.6944830722,0.2275296458,0.3128637213
0.6474328743,0.2615467756,0.3469579305
0.6463797572,0.231381926,0.3357716282
0.6018258317,0.2570089776,0.3256982053
0.6209658848,0.2200213863,0.371244584
0.6838652246,0.199247707,0.2626613319
0.6676611254,0.2267561708,0.3298336607
0.612334262,0.2340520612,0.3457858839
0.5914609792,0.2308537696,0.2888545262
0.6382181456,0.2525112238,0.3291623778
0.607398865,0.2816457375,0.3123381509
0.695481975,0.2151099209,0.319763672
0.5889448148,0.2916741302,0.3270095296
0.6847480173,0.171799505,0.3226490404
0.6762098308,0.2549116417,0.3031730118
0.6366256261,0.2578824806,0.3000792354
0.6678005531,0.219946753,0.3911865991
0.7086737563,0.1834791197,0.3450787879
0.6414203492,0.2703006781,0.2708754489
0.6671120662,0.2258256012,0.319734722
0.5967096187,0.2197784803,0.3358520499
0.5858528496,0.3004276999,0.337909472
0.4687170059,0.3631692237,0.2663834935
0.5947465509,0.2753878423,0.2608775738
0.676510171,0.2047756699,0.371328191
0.6408984431,0.2344873556,0.3294107869
0.6614678078,0.2836873857,0.2672540314
0.6853674593,0.2342771643,0.3387822321
0.5465126276,0.3016879996,0.4115640391
0.5374029745,0.266011526,0.3498541665
0.634753492,0.4538014214,0.1535954446
0.6989678378,0.1573923963,0.3743739857
0.6168487101,0.2453271079,0.3734389804
0.6205265859,0.2836827279,0.3293600835
0.6329943058,0.288079348,0.2659297814
0.6380036609,0.2368338369,0.3198155722
0.4976047599,0.5846059631,0.1944555002
0.5776262969,0.17825557,0.4131150693
0.6046719049,0.2697999639,0.3872322688
0.6327212022,0.2730281625,0.3263349988
0.5558951144,0.2566556414,0.3403673462
0.6165208278,0.2587570196,0.3295822479
0.507501466,0.3212649693,0.2726419023
0.5844679735,0.2830221267,0.3598015049
0.6259008537,0.2695278449,0.3956360382
0.6583173392,0.2469943697,0.3083216062
0.7269180719,0.1999395176,0.3345063697
0.6042803238,0.2143389107,0.3374572841
0.5667077083,0.3185208673,0.3318872276
0.5716188974,0.2897418499,0.3123212286
0.6529270701,0.2677113345,0.3791607662
0.4838763861,0.3397558973,0.3604495447
0.6485708574,0.2153628771,0.3256454031
0.602545579,0.2800023395,0.341027208
0.6614696567,0.2359940327,0.3291304779
0.6439250627,0.2391208759,0.3246666823
0.6484085396,0.2181846073,0.3715072832
0.4883805965,0.408615022,0.3562251485
0.6352162336,0.2862747632,0.3148389099
0.6777423001,0.1961643263,0.3808850706
0.5635084079,0.2669649288,0.2245072214
0.5861710822,0.2831499923,0.3107286755
0.5739939964,0.3062858453,0.3016633501
0.5865390265,0.2402882699,0.3983088833
0.6732635672,0.2179811882,0.2713408624
0.6585366603,0.2024646502,0.35678561
0.6485372063,0.2376579754,0.3059628415
0.6238211054,0.2605507607,0.3652415257
0.5981362224,0.2017141534,0.4087378473
0.6906492461,0.1825701132,0.357519969
0.6970078091,0.1966205607,0.3351861442
0.6319482522,0.2071764472,0.3657092835
0.5581376535,0.2922605667,0.400028973
0.563380548,0.2715445433,0.3919643222
0.5907173172,0.2492085287,0.3447778992
0.5992634482,0.2499055637,0.3747540966
0.6177578303,0.22491706,0.281508941
0.5601350715,0.2411275953,0.3815075941
0.654417034,0.2360724483,0.312263523
0.5841587253,0.2869359742,0.3657205723
0.7080064722,0.2449954909,0.3524411045
0.6509079309,0.2056905982,0.3655176589
0.6647440468,0.2566007605,0.3223746842
0.6652935694,0.2152781946,0.318951393
0.6537187223,0.2023501033,0.3080410608
0.6670875881,0.2050258557,0.2938831854
0.6657819395,0.2153469323,0.2927441988
0.624815906,0.2574094872,0.3025010823
0.6419064122,0.2267758044,0.2738490251
0.6542419862,0.2066501504,0.287277456
0.6260903058,0.2247468383,0.3282046099
0.5780339682,0.2575974933,0.3546410924
0.6508502383,0.2753913916,0.2115850821
0.5663767788,0.2904085182,0.3343830256
0.6441386404,0.2119724192,0.3606696868
0.447122484,0.2586911028,0.4770412033
0.4904045456,0.27025838,0.4700968158
0.6885216659,0.2244067212,0.3127037659
0.6827305353,0.2191632441,0.3878489761
0.5928733096,0.1821220901,0.5025235232
0.6370580357,0.2606868481,0.3048244103
0.4274537663,0.4197165549,0.3091292528
0.5974987495,0.1896890845,0.3111452301
0.6070718635,0.198218145,0.2593744171
0.6566850123,0.2056734541,0.3401151732
0.6186221601,0.3017549115,0.3331705058
0.6181447961,0.2625664398,0.3055570744
0.6321716849,0.1971681452,0.3160667737
0.6375786138,0.2657750896,0.2665507237
0.621893716,0.2512416691,0.1651597124
0.4976946101,0.3280312835,0.3547182512
0.6568320181,0.2481281008,0.3065366052
0.6716347591,0.2227993503,0.3061591357
0.6365226786,0.2482506498,0.379304629
0.5669725654,0.2847569339,0.3342213845
0.6279742951,0.2203450713,0.4083818963
0.6166784085,0.2472837296,0.3281785129
0.5966138976,0.2107723862,0.4353413056
0.4983681544,0.2660436703,0.3011971118
0.6216890065,0.2708273312,0.2664098812
0.588435981,0.2544545228,0.3465737649
0.6875843573,0.2443967346,0.2848017119
0.6742603986,0.2382563619,0.2577530208
0.6041386135,0.257844742,0.2707682734
0.6368371862,0.2199455362,0.3349157404
0.4880259443,0.3451138352,0.3047202516
0.6650291293,0.2045681147,0.363475299
0.5614246523,0.220947487,0.4360109931
0.6285532834,0.2001001461,0.4245668265
0.6158341203,0.233276394,0.325865353
0.5818581362,0.268202171,0.3287200474
0.6546866431,0.2546027232,0.3456775369
0.5838752908,0.2785377648,0.325961585
0.6693854103,0.2252817405,0.2988409694
0.5410194238,0.2978210936,0.3658438818
0.4594527712,0.3606579397,0.3345909885
0.6320808237,0.2081940426,0.3714677055
0.5666957265,0.2967720228,0.2198454002
0.6348832778,0.2244306776,0.373139642
0.6021106755,0.1946653545,0.3689660903
0.6426620641,0.1987703787,0.3263941246
0.5838164916,0.2528381581,0.3665632284
0.5630512479,0.2913614746,0.386367425
0.6526170163,0.2126504932,0.2664209208
0.6087094889,0.2750061898,0.3286544422
0.5693199604,0.1557857847,0.490995906
0.6926161492,0.2179391888,0.3297667172
0.6273517132,0.2190876267,0.3910911705
0.6129746743,0.2070412548,0.3532000364
0.6038384647,0.2300494087,0.3869607189
0.6363894563,0.2332779867,0.351777659
0.6136455251,0.2320644876,0.3511034335
0.6195144751,0.2550522309,0.3454829759
0.5541514971,0.2370157445,0.383610123
0.5738754863,0.2309858143,0.3953341009
0.6450458585,0.2211612118,0.3525496194
0.6721055448,0.199334834,0.3595383383
0.6149230471,0.250762196,0.3429915771
0.6471981009,0.2472153142,0.396211322
0.5745887708,0.3057776507,0.3489993301
0.616946241,0.2276215452,0.3427863737
0.5942094396,0.2270553728,0.3016007445
0.597883184,0.2032094174,0.4344585828
0.6296248468,0.1781561622,0.4145244837
0.6190955123,0.2059748904,0.3368115094
0.6364298609,0.1640141514,0.3854372151
0.6341741747,0.2650427098,0.3075263134
0.6006703478,0.2066421264,0.3966213202
0.6635019763,0.2021119121,0.3823705504
0.6026858547,0.2802303749,0.3576127523
0.5820095954,0.2242830941,0.3177519508
0.5773923428,0.2345991826,0.4079036609
0.7105756295,0.210603524,0.3752463743
0.6235993043,0.2323267416,0.3535899821
0.5873562456,0.2441295409,0.3430280921
0.6319569779,0.2012702804,0.359761358
0.6376860537,0.2227378551,0.3266731059
0.6383992672,0.245136127,0.4247654378
0.7248080536,0.1919567342,0.3200941475
0.5708167147,0.2268738508,0.3755949914
0.6770702067,0.1954855228,0.4138798686
0.6549344733,0.2413225022,0.3526049973
0.6049303318,0.2959626971,0.3338893575
0.5606685546,0.265425787,0.2742070724
0.5792571158,0.2851229882,0.3721044469
0.6013758679,0.265197783,0.3212870699
0.5725549749,0.2580562154,0.3695222358
0.6497259849,0.2307705841,0.3267762417
0.6161760708,0.2310422683,0.322800576
0.4999680659,0.3249978804,0.4660657459
0.6216964615,0.2314742607,0.3391993496
0.6093746518,0.1986171978,0.40300753
0.5308552785,0.2061329103,0.3965015811
0.5755984679,0.1951605665,0.3575029653
0.6470209276,0.1545862377,0.4278499381
0.5428253329,0.2044738059,0.3443475137
0.5898081709,0.1837513281,0.4484916731
0.6815045702,0.1650649819,0.3599587186
0.6477325071,0.2238119859,0.3211212874
0.6018166656,0.244935151,0.3329369926
0.6301976637,0.2062001974,0.2615268143
0.5889847363,0.2713660967,0.3205584978
0.5644661615,0.3043381037,0.2859543897
0.5832488357,0.2520270802,0.3338774255
0.3303080977,0.4037719871,0.3114870006
0.3336209119,0.4677171633,0.2209499468
0.4749975941,0.326285349,0.2744515533
0.5701782037,0.2291661489,0.3214907411
0.4806600786,0.4308363083,0.277819348
0.6194492238,0.2069126155,0.3277215035
0.6570396811,0.2506519923,0.2822943244
0.5960963775,0.2281171065,0.3124313866
0.6441529103,0.1424174514,0.3134910186
0.7081481529,0.1690987186,0.23845233
0.5750661068,0.2677040992,0.3110808523
0.5989056915,0.1920120168,0.3116938613
0.6676727222,0.2224502956,0.3008610595
0.6226512672,0.2021717095,0.3660669723
0.6671044152,0.219547958,0.2887843193
0.6233097109,0.2386681974,0.2245127816
0.6897315939,0.2874533056,0.2460091153
0.5715084365,0.2310783559,0.2752838066
0.6520774785,0.2515830047,0.290404899
0.6827496085,0.209957018,0.3195472925
0.5568042016,0.234121314,0.3155666242
0.5263442222,0.18162013,0.4444318634
0.6230695538,0.2587717316,0.2439331733
0.6980625766,0.1880322619,0.3202003682
0.63694103,0.0625602301,0.4035424957
0.6048991323,0.2123924176,0.2905440125
0.6267959766,0.2219185426,0.3557700445
0.5008823515,0.2675804993,0.4121757906
0.5965121989,0.2332537883,0.3584583394
0.701919585,0.1278379847,0.3627979394
0.6054569464,0.1898686208,0.3603472437
0.6414729652,0.2135554631,0.3212964941
0.5957818225,0.1655726281,0.4042520162
0.6800651396,0.229763732,0.1387143957
0.6038030617,0.1653473951,0.4490258775
0.5837733948,0.2196841778,0.3889002247
0.6602018487,0.2710134596,0.2591167913
0.6390849884,0.1892568132,0.3642474986
0.5943474495,0.2243697342,0.357068798
0.4792132653,0.2285720821,0.4864091365
0.6146563121,0.232300061,0.2882014162
0.5777508368,0.2383017572,0.3205435723
0.6250953466,0.2583721528,0.3039546188
0.5059577445,0.3236420704,0.3457381315
0.6312600313,0.1689736907,0.326037535
0.629869473,0.1955114811,0.3032738835
0.5109556126,0.212336626,0.3883465432
0.5680669563,0.2894029276,0.3468372689
0.5483729795,0.3110761919,0.2792743139
0.6303259529,0.2408902689,0.3096302455
0.4742321082,0.3118443648,0.3657810593
0.7497880773,0.2411499686,0.1578831674
0.5657129271,0.3287540001,0.2981461582
0.4022127056,0.3364426124,0.4307011126
0.6199062819,0.2147935657,0.3442882562
0.5600311484,0.2245935723,0.3354943809
0.6567133203,0.1974140361,0.3015620238
0.6088096171,0.198242599,0.3860483745
0.5962503052,0.246174587,0.324112815
0.6276277899,0.2402498755,0.2723050009
0.6432841019,0.233080599,0.2649455891
0.6137236832,0.2591770978,0.3250211706
0.6151097791,0.2331554307,0.2653450641
0.2954563138,0.4113564515,0.4444395845
0.5275915978,0.3679882814,0.1450852278
0.6278836634,0.2266084436,0.3533500957
0.5904275689,0.2768837167,0.3134646223
0.6179744314,0.2537529722,0.2683343096
0.6578668146,0.2144620104,0.3020420889
0.604626025,0.2485643175,0.3295561486
0.7882426057,0.1816447363,0.2639223892
0.702752482,0.2472548446,0.306536079
0.5139994176,0.305135091,0.4230065748
0.7279941393,0.2220510305,0.2715899059
0.6030107968,0.2030475141,0.3894711178
0.627145041,0.2102941133,0.3431242545
0.670762017,0.2285293917,0.3257987402
0.6093885701,0.1157734871,0.3962438057
0.4726191683,0.2632031228,0.3610052236
0.5672924951,0.2574741423,0.3257224627
0.5753950794,0.1284977107,0.4616274286
0.5829558484,0.188562845,0.3262728135
0.535467033,0.3043486601,0.3979826604
0.5475147261,0.3194322053,0.2507956501
0.5937648782,0.2864640185,0.2292421185
0.6145280434,0.2134270711,0.3347775469
0.536269277,0.3154154076,0.2668282127
0.5925567143,0.2908141312,0.2954998079
0.4614264516,0.4147192251,0.222016968
0.514365812,0.1343791957,0.3926214876
0.6057709752,0.2716231677,0.2652129415
0.646438962,0.220336207,0.3351698946
0.4646825571,0.2234393273,0.4639901783
0.6883305067,0.2562188528,0.2721954897
0.5920406076,0.2172893268,0.3777919018
0.6846071296,0.1938858884,0.2399088233
0.6970901831,0.0939413439,0.3832658753
0.6367543297,0.1789134279,0.3540936331
0.5755154928,0.1975074374,0.3236186658
0.5364139463,0.306720736,0.2543520685
0.6914018796,0.2114181453,0.3434760322
0.637248747,0.1658045272,0.3669192736
0.5352069774,0.3011372023,0.2731209531
0.5171847195,0.2796304706,0.3253977104
0.7369612322,0.2350422553,0.3254413896
0.3459374698,0.491078224,0.3127646531
0.6157322219,0.2339404631,0.3284949404
0.5167774056,0.2010530244,0.4269181705
0.6234013132,0.1971645785,0.3718186097
0.6142400153,0.2613635793,0.3399026859
0.5094008338,0.2997110432,0.3350508517
0.5766698671,0.2463605573,0.3181670509
0.6058241315,0.1974983745,0.3935457175
0.6580789791,0.148059558,0.3007532767
0.6443083049,0.2314882211,0.3186468481
0.5588059225,0.1722555793,0.2756504483
0.5301546597,0.2516071982,0.3802850393
0.5597864333,0.2778700691,0.2791296836
0.6260312064,0.2736620391,0.2901378478
0.5262822773,0.1868335313,0.3706399786
0.5558108785,0.3123482964,0.0521270614
0.5772789502,0.1739056685,0.3281692525
0.6117596623,0.2230064872,0.3086630253
0.5479603265,0.2614895765,0.3422635709
0.7116665169,0.1384951853,0.338645922
0.5024042819,0.363029661,0.2313859602
0.6437325371,0.2661070317,0.2095222267
0.6193145624,0.1774064156,0.3760640366
0.611286954,0.2180379527,0.2957437134
0.6199824771,0.233281865,0.2733894467
0.6322323249,0.2323552503,0.2568345252
0.489224141,0.3649081879,0.390269195
0.5660000535,0.2342055907,0.393248688
0.5776506104,0.2742280089,0.2535169538
0.6081738814,0.3320908182,0.2065741527
0.6277990283,0.1965484049,0.3260358417
0.6524891254,0.2006104022,0.3043440188
0.6050305216,0.2060509443,0.3262472708
0.6027017294,0.2715140301,0.2925533184
0.622059931,0.3034394332,0.2713465148
0.6523528199,0.1805602845,0.3098968595
0.598463887,0.2762334138,0.309590083
0.5912089069,0.2370146506,0.3702702443
0.5919776412,0.2776636778,0.3213268519
0.6380381067,0.2398714211,0.2590178215
0.6318824762,0.2246317096,0.2586903046
0.633531608,0.1822731055,0.2918833131
0.5717625418,0.2448391538,0.3714854864
0.5519989315,0.1310956035,0.4841749322
0.7062952872,0.1767867269,0.3673638459
0.6286348164,0.2333150531,0.2967611174
0.6277038571,0.163501975,0.3329304842
0.6167511419,0.2649404137,0.3588850126
0.6228152119,0.1580614188,0.1943153372
0.6390307568,0.084800006,0.4470721217
0.6060461381,0.222461016,0.3383896953
0.6464835599,0.2126866886,0.2799846179
0.5876436882,0.262065739,0.2369283058
0.6520151758,0.1302660395,0.2159049323
0.5744593993,0.2625918615,0.2718000819
0.6870263078,0.205240619,0.2476868453
0.6142669567,0.1650198679,0.2810382784
0.5904698681,0.0930120051,0.448734106
0.6002878797,0.1957702892,0.2789446864
0.661983753,0.1599921297,0.3447447849
0.6900397467,0.202439996,0.2633296342
0.5441505671,0.1262506601,0.5197033354
0.5900624237,0.2422159816,0.264799287
0.5025551169,0.332995776,0.3046603059
0.7136844897,0.238807035,0.2271207452
0.625815261,0.2637328154,0.2606306103
0.6326559392,0.1938264153,0.3509546419
0.5766697624,0.2014224566,0.3193676537
0.4915733987,0.1934884394,0.4631984312
0.6772101872,0.1770360106,0.1725236321
0.6435612584,0.2239759914,0.3246669382
0.5541202846,0.1980526279,0.4093645908
0.6805221384,0.3182797514,0.2804270316
0.6337700962,0.2153051107,0.3192421433
0.5198705109,0.2027568034,0.3662787417
0.5280108995,0.1986135873,0.4359845533
0.6550521882,0.1458783888,0.3954388354
0.6319563295,0.279303647,0.2812180176
0.5056250578,0.2152841491,0.3799272375
0.6021533833,0.1869055824,0.3495080351
0.5361693749,0.3401358208,0.3118146394
0.6630579475,0.2024793657,0.3480690787
0.6440488508,0.1724357967,0.3260587036
0.5724427976,0.2231781646,0.3758163897
0.4866259865,0.2568031847,0.4215248922
0.4998375118,0.3301119587,0.3208377679
0.6264822246,0.2367467746,0.1372171901
0.6030319998,0.2301944078,0.2961617602
0.6670707294,0.1429192668,0.2824738263
0.5511326671,0.3059675311,0.2920244647
0.6527139639,0.2538683283,0.2300716973
0.5374259143,0.249334085,0.3769162907
0.6299463591,0.2334657585,0.259871055
0.6193897013,0.2405348466,0.3138217438
0.5394753041,0.2820244613,0.290409385
0.6255109716,0.2108102869,0.1959214892
0.6172166493,0.2246844224,0.2780068683
0.4582508719,0.341795133,0.4226554356
0.6512353507,0.2452124895,0.2635066383
0.6367868222,0.1938917058,0.3125766138
0.6024478215,0.2881813235,0.3090109663
0.6924009075,0.1575099665,0.3268881218
0.6452212669,0.2173750102,0.2333545126
0.6375572545,0.1710052791,0.2413773322
0.539034079,0.2392387573,0.4168722643
0.61501777,0.2644368504,0.2371075312
0.5325556398,0.3156415208,0.2286255751
0.6585275761,0.2262666912,0.2390999724
0.6006898397,0.1097387025,0.4492625987
0.6537580885,0.223495134,0.2619511873
0.4431701684,0.439349547,0.1942285426
0.5364193824,0.2460719883,0.3458439629
0.6356004311,0.2318551339,0.2884260584
0.677938923,0.1486669257,0.3940162789
0.6066138575,0.0966532841,0.4698266221
0.5198499714,0.2656446704,0.3543927174
0.5694665465,0.2975382444,0.2182287663
0.5825569311,0.2041595368,0.362978096
0.6030982463,0.1107169814,0.4461143513
0.6464691257,0.2034885201,0.3565225854
0.6049225265,0.2622644282,0.2390037259
0.5352227188,0.2505386028,0.3628735074
0.6802420364,0.2321687579,0.24487512
0.5206167142,0.3621933523,0.117511843
0.4354135258,0.4084422099,0.3242935727
0.6679367238,0.0765921993,0.1082267188
0.4843037673,0.3470668594,0.2514829084
0.5354571483,0.2950909372,0.3230927957
0.5710307012,0.2611830445,0.328996957
0.5835214104,0.2558292056,0.3015722505
0.6385583651,0.2153408524,0.2579842603
0.6336510783,0.2344135842,0.3077192644
0.5868523332,0.2506388157,0.2671431154
0.6370675967,0.218099485,0.3204255476
0.6740046723,0.2040866614,0.2241381343
0.6403816764,0.2152671295,0.1010387392
0.6162855138,0.2210931919,0.1297293517
0.6625048084,0.1694121522,0.2404655739
0.6759062631,0.2085261097,0.3015160503
0.6597325289,0.2032161058,0.3267587566
0.5067161732,0.2649822909,0.3722120506
0.472610588,0.3472091799,0.4017910415
0.5474295413,0.2096002251,0.31819014
0.5584597227,0.1891387403,0.3793161397
0.6955875957,0.2014895894,0.288345235
0.6826148008,0.1186707979,0.4450314236
0.6706146384,0.2785749671,0.2967292763
0.6269924575,0.0938806751,0.2331783858
0.5398134936,0.1690499001,0.3946757572
0.5970567114,0.2356422899,0.3923676979
0.6634150061,0.1757885876,0.3764862977
0.6238054487,0.2313016055,0.2611030981
0.6131189039,0.17211231,0.4003481784
0.6583673398,0.2447394172,0.2747981478
0.6064091071,0.2072098292,0.1614395978
0.5661403535,0.2657759348,0.3004017135
0.6857411788,0.1281366897,0.3009953515
0.5893316031,0.156870392,0.4404587976
0.6673425605,0.1512899956,0.3285180148
0.6947060507,0.1285389283,0.3570972979
0.643860115,0.2229067238,0.3312628027
0.6664355514,0.2302931629,0.219196306
0.6268932339,0.1938710591,0.3164069786
0.6610825706,0.1819695385,0.3026987171
0.6088980923,0.2055057046,0.3122875394
0.5597018495,0.2664178167,0.3529647617
0.5846957975,0.1810887229,0.3881618809
0.5892414939,0.2914385094,0.1960380091
0.5601818828,0.2686464076,0.3624313618
0.5899443468,0.1478809247,0.4132762516
0.6208961964,0.2566823775,0.2571560966
0.6397198608,0.1315213401,0.2085734897
0.6355404287,0.1055023691,0.2050257599
0.5499121742,0.1855275272,0.3974574717
0.6253506404,0.2092897502,0.3858221058
0.6057718587,0.2266003994,0.2894147365
0.6197863412,0.1916868145,0.3562441854
0.4223270515,0.4656460012,0.1938025001
0.6606308444,0.2723913775,0.2921033249
0.7013920248,0.2651296797,0.2837810786
0.6462979103,0.2306446325,0.1960294423
0.5993935741,0.301912815,0.2647904834
0.7798189106,0.2390727453,0.3153792232
0.5279215903,0.3264671877,0.2463126787
0.631195144,0.1636205006,0.3056557896
0.6236983184,0.2304159221,0.2967615708
0.6361017137,0.2256780149,0.2979381617
0.761385491,0.2087194192,0.2844272664
0.5546969973,0.2639538189,0.3821001729
0.6108303246,0.2249496549,0.2987372816
0.6288455976,0.2585843106,0.3131692952
0.6179978271,0.2933615502,0.3002857984
0.6207170528,0.2751377577,0.2553993391
0.7305681913,0.2891696217,0.2836425586
0.6776058339,0.0951422292,0.1475257934
0.5962176836,0.1723750684,0.400747558
0.6675054377,0.2373673076,0.2662760583
0.5445468323,0.1928982168,0.4291033717
0.5150497505,0.2823028892,0.3586150069
0.5292338972,0.2354050828,0.3707236982
0.6097676636,0.1381254686,0.441704938
0.5444073441,0.1986468852,0.4169994994
0.642299574,0.2092528232,0.3455514008
0.6534261274,0.1812446319,0.3726375775
0.5735587636,0.2640441174,0.3158011712
0.6685361713,0.1833938842,0.34730968
0.6636244995,0.20391977,0.3157340517
0.6189901168,0.2112423754,0.3453342445
0.6404280416,0.2139222756,0.326669595
0.6391226697,0.1912170844,0.4054676353
0.6522508581,0.1449287561,0.3870483845
0.6113435256,0.2412611871,0.3066071788
0.6683958126,0.1357278153,0.3921288223
0.5954744396,0.1906452519,0.3481962801
0.5845867753,0.2648253588,0.2521143318
0.5483367644,0.2691219988,0.2894323609
0.5698012446,0.1604985358,0.4192833476
0.5453067769,0.2198899492,0.371891878
0.5834368647,0.2347348071,0.2927963038
0.5362170348,0.1991575632,0.3951242217
0.5567042532,0.227630606,0.2452080497
0.5236233926,0.1872487101,0.4263682535
0.6582284968,0.1596591323,0.2612188482
0.635039831,0.2222365244,0.3481865051
0.5327793125,0.2329361155,0.3996605272
0.4808294358,0.2363452904,0.2841219719
0.6230342449,0.2509332458,0.2912373961
0.6316072388,0.1576227491,0.363571062
0.6244910333,0.2627356403,0.216788857
0.5196199695,0.2726843967,0.3830244062
0.5821101501,0.2058692684,0.3139953964
0.5397801024,0.2436110189,0.3434809087
0.6133005035,0.2129699073,0.2839849943
0.657080278,0.1764715786,0.3349966519
0.6581681083,0.1953428372,0.3435067624
0.637816,0.2652130543,0.2951152151
0.5917217967,0.2186377755,0.3270520725
0.62214575,0.1773812113,0.1700518747
0.4803569051,0.3835873973,0.3072758229
0.6249293168,0.1307458812,0.3832375029
0.5946118842,0.2679019617,0.3083980021
0.7060216943,0.1977357201,0.3012307976
0.5955175996,0.2051515985,0.3721500791
0.6982914521,0.2050314197,0.241269069
0.5851588867,0.1773992506,0.1997946686
0.5237269572,0.1852219394,0.3169787036
0.5309025224,0.2878213791,0.3283743562
0.6483178225,0.2183475841,0.2901684039
0.5451675376,0.1766749423,0.1380631443
0.5751057118,0.2326003927,0.3840172703
0.5350513811,0.2110034243,0.3907112326
0.6829895763,0.173455257,0.299313875
0.7202745213,0.1573366295,0.2625368656
0.4468982988,0.3627931401,0.2745801529
0.5994632891,0.2580356397,0.2442826655
0.6240345382,0.2802410267,0.300006229
0.6258798906,0.208658995,0.3170840567
0.5034166776,0.2164854656,0.4649058945
0.5895625846,0.2368415326,0.4123910684
0.5104044364,0.1911577913,0.3216164864
0.6603238903,0.2197499847,0.2831852401
0.6664811082,0.20953488,0.2740179582
0.574602072,0.199108015,0.4305776071
0.652788192,0.1574807634,0.3448828962
0.5245103646,0.1892865334,0.3778456
0.6022850396,0.1559877195,0.3465013335
0.6442894653,0.1967874042,0.3442789737
0.5375517529,0.3012364862,0.3045032484
0.5300802727,0.3236153527,0.2927353312
0.6424694077,0.2431549515,0.2663443
0.6466712854,0.1921604757,0.1094915802
0.5575102229,0.2317147011,0.3592465066
0.5796513344,0.0983309691,0.4744230505
0.552209246,0.1924005027,0.3615861491
0.6317959244,0.2242459343,0.3354380826
0.6032678625,0.1509725008,0.362792816
0.6080989469,0.2005687835,0.3833559741
0.5787128163,0.1899995995,0.3811125334
0.6512828037,0.2011900855,0.3021149156
0.6304604015,0.1343308667,0.3786398245
0.3958469144,0.3411633466,0.4256092379
0.5865339895,0.1609966939,0.2879836128
0.451507711,0.3321316165,0.4099867174
0.6376144335,0.2103947847,0.3550223561
0.8043778998,0.1878466973,0.2836284254
0.6736737919,0.2446500083,0.2499588008
0.6611327461,0.2616085846,0.2684309007
0.5780121797,0.2464321129,0.3753237033
0.6549827469,0.190915488,0.3291039292
0.4523667335,0.3021565367,0.3987706129
0.5668721672,0.2266275552,0.2172852236
0.6157850547,0.2666726404,0.2061564245
0.4756880957,0.1952110374,0.4779844309
0.5707366244,0.2167212277,0.3081137783
0.5944946525,0.222009411,0.322071273
0.3794085776,0.4040991318,0.3540851436
0.5180808115,0.1874387516,0.3781077841
0.5856219862,0.2261399948,0.3833708053
0.4973406688,0.3249309285,0.3216956947
0.5906512591,0.2485158627,0.2963556603
0.4110374804,0.3554463293,0.3831424612
0.5173256942,0.3106397633,0.3225361232
0.6195721417,0.1681600971,0.3928365191
0.457387066,0.2282883402,0.3481300265
0.6041905953,0.2458788535,0.2829638071
0.4753207228,0.3008195016,0.3973735701
0.5929648001,0.1926769471,0.4350834206
0.5781901701,0.2292161217,0.3485520927
0.6126585368,0.215448616,0.3224790701
0.6772334022,0.2411396171,0.1770085141
0.6142062054,0.1859246464,0.349641839
0.588833171,0.2508624148,0.2844023519
0.5308221942,0.278599666,0.3647503428
0.6305401164,0.2629267642,0.3315731746
0.5881619933,0.2129505324,0.3373004277
0.6570348276,0.2410676472,0.348823004
0.5677870385,0.2904403762,0.3459537583
0.5722261329,0.2533994004,0.2192047749
0.3982455244,0.3279239799,0.438908008
0.5866857878,0.2718024511,0.3616207937
0.59393763,0.2022385037,0.3896636411
0.6242489626,0.2565456351,0.2829887892
0.5374923607,0.2983850091,0.3776207247
0.563030512,0.2424952544,0.3273405942
0.5812705718,0.2566144712,0.36087497
0.5114146019,0.2968700286,0.2744877012
0.5568372337,0.2507399716,0.3127216764
0.5064245021,0.2252160613,0.4044978449
0.5794189156,0.2282978569,0.4094650776
0.5011664979,0.2508088775,0.4332074255
0.5385919561,0.3034563359,0.3472013478
0.5188156364,0.2701225972,0.3870925261
0.6031977878,0.1977338671,0.3802140799
0.6610058589,0.1203527456,0.4268065528
0.6398870727,0.2462866377,0.3960871586
0.5549707729,0.2515787227,0.3616312141
0.59638254,0.2285952916,0.3392153036
0.6130665498,0.2519953414,0.3792637455
0.6267620097,0.2060955834,0.3842461232
0.6184505533,0.1937177291,0.3123132452
0.5971655491,0.2508411487,0.2879067237
0.6347752475,0.2504918554,0.3443060051
0.5929524082,0.2400306583,0.3436438007
0.5835530966,0.1649073437,0.3748712742
0.6380803146,0.2535927132,0.2801359895
0.6327037878,0.1975899084,0.284240062
0.6063826835,0.267335676,0.3916772385
0.6326450216,0.2110888654,0.3314841067
0.5754075876,0.2433723871,0.3241065452
0.5622418868,0.2652543694,0.2907906749
0.5530730689,0.2736301324,0.3042346702
0.5833345119,0.2073551528,0.3484927531
0.5872048213,0.1812341939,0.4114366675
0.5855558899,0.2190029329,0.3846943111
0.5989836448,0.2116357682,0.3345072041
0.5289741442,0.268270387,0.2764335175
0.5859746921,0.2174972507,0.3686337614
0.4147321669,0.3501785116,0.4203030493
0.566673046,0.2727480831,0.2775053244
0.5649572408,0.2880274206,0.3408537277
0.438533183,0.2861642686,0.3755972168
0.5364582522,0.2588512128,0.4224431473
0.5753473445,0.2324037693,0.4671900302
0.542991758,0.2449474981,0.3847307818
0.5217875334,0.3003552326,0.3005533642
0.553463949,0.2632819903,0.366422413
0.6254656197,0.2578035267,0.3046960142
0.5919995228,0.2362124579,0.2917115035
0.5375460134,0.3008963884,0.3655769994
0.6047216083,0.2442986438,0.3276775163
0.580120155,0.2550474648,0.3152253738
0.6523985372,0.3068863935,0.2708623227
0.5278852945,0.2578975715,0.4006025761
0.5002082386,0.3349749877,0.2533421399
0.5377948347,0.2849029741,0.2480324309
0.5156200106,0.3218859676,0.3011413672
0.6646973776,0.2075095221,0.3437217244
0.2243139469,0.5255778893,0.3679607325
0.6343515476,0.2665976704,0.293861124
0.5871328434,0.3060210701,0.3484746976
0.5996672381,0.2494263302,0.3365711295
0.5591298417,0.2740821071,0.329939135
0.588554357,0.2283328141,0.3801667309
0.5329169414,0.259172365,0.306979583
0.6514897156,0.2395173721,0.3429984524
0.6078156356,0.2424317843,0.3530962477
0.5377978206,0.168946158,0.3287717974
0.5848637883,0.2559976417,0.3394582552
0.6163444339,0.2766142221,0.3020751974
0.657986163,0.2493587293,0.2943300299
0.5726670354,0.2801935549,0.3492899687
0.6503041743,0.1998451812,0.3522726048
0.6002580677,0.2913567177,0.3055709393
0.6368409709,0.257829256,0.2999177624
0.5762540965,0.2931654294,0.3739640491
0.6296396056,0.2365007942,0.2656886751
0.6149419795,0.2841665116,0.2641771059
0.654835904,0.2332373114,0.3569544385
0.5936908722,0.165725934,0.3531494967
0.5770657092,0.2959741792,0.3257357774
0.5565036962,0.2496322331,0.2735528582
0.5814862754,0.2731483508,0.2534496278
0.6240106464,0.215459399,0.3731531535
0.581792755,0.2310078898,0.3581885684
0.6392568986,0.2640848032,0.2628492346
0.6358226913,0.2234574316,0.3728928787
0.5004780809,0.2804357766,0.3469625647
0.5259213249,0.2763483122,0.3391794691
0.1575910572,0.915857727,0.14745579
0.6003228118,0.1874501536,0.4377064612
0.5736758975,0.2505167225,0.3856373572
0.5923730368,0.2990685475,0.3231479267
0.6739172173,0.2604587749,0.165409929
0.6874569054,0.2287437388,0.2403230112
0.463470072,0.59383371,0.1180639366
0.5159522692,0.2468635529,0.3559610973
0.5816021989,0.3017802948,0.3032457069
0.618654169,0.2503493575,0.3703327401
0.606410595,0.2650012583,0.3037613993
0.592744837,0.2567801043,0.3665552439
0.5192968028,0.2867313864,0.3322028287
0.5806884646,0.2973782884,0.3090533451
0.4900137074,0.3501298003,0.377085438
0.6406215224,0.2554998822,0.2787272347
0.6988754031,0.2296608451,0.3129183616
0.5399666045,0.2445114314,0.1513305127
0.5996544712,0.2737519716,0.3073247532
0.5568249574,0.3301746513,0.2858960409
0.5900777188,0.2834961495,0.3936290625
0.5647308328,0.3041279201,0.2985321063
0.6297719733,0.2151660705,0.3226381175
0.6145698733,0.2443760249,0.3277575955
0.5871114797,0.2630196033,0.3228430549
0.6233317418,0.2311132813,0.3406164551
0.686973327,0.1951426124,0.3513756731
0.5017235441,0.2948973526,0.3801085083
0.6011932206,0.3070101683,0.2953209779
0.6420178732,0.2141587267,0.379411963
0.5823590187,0.2283858558,0.3151272555
0.5457129633,0.3053443819,0.2861142838
0.4142988701,0.3986194064,0.3436450766
0.5940552085,0.2339635261,0.3317550751
0.6125324686,0.1730315476,0.3197479206
0.6483037636,0.2103848115,0.3465097885
0.5672731127,0.2836071007,0.2799651629
0.5206965915,0.3241502759,0.3485708636
0.5347087864,0.2175892147,0.4095111134
0.6392050743,0.218647311,0.3234222177
0.6055109874,0.2478741917,0.344070771
0.6089917484,0.1554034544,0.3894488769
0.5382696394,0.3247745153,0.4186754376
0.5211400341,0.2408484829,0.3398335226
0.5535365363,0.2036368807,0.3480445042
0.6163512994,0.2287738188,0.3601176987
0.7043396231,0.199602519,0.3034268564
0.5601350715,0.2411275953,0.3815075941
0.6509253252,0.2574928751,0.2906630813
0.5299620282,0.2457611301,0.4246090256
0.64561595,0.2544825476,0.356727473
0.5846296338,0.2257085661,0.3030561661
0.578628434,0.2620113551,0.3296428987
0.6173858655,0.2288300058,0.287969063
0.6023719745,0.2223553179,0.3958403116
0.6319125351,0.1798469869,0.2867565115
0.6607329967,0.1907098837,0.3259840694
0.5594312719,0.2720015707,0.3106428289
0.6285143777,0.2018527807,0.2998865278
0.6320853016,0.2145646183,0.2570375501
0.5683608076,0.2495757032,0.3932507206
0.5600741077,0.2049413963,0.392863446
0.5751835613,0.3209829348,0.2049089832
0.5279407572,0.2692470938,0.3537120845
0.6511622731,0.1766786185,0.3314604168
0.47525267,0.2671661628,0.4627003838
0.4578098574,0.268635744,0.4488804057
0.6242124421,0.2527415383,0.361693606
0.5801280287,0.2498756826,0.3882645607
0.4974771895,0.1870815155,0.5249941541
0.6096562846,0.238828885,0.3231093382
0.2682790833,0.516174318,0.3307898886
0.5527389154,0.164696165,0.2950799336
0.6816462316,0.2007393465,0.2798155596
0.666475391,0.1951324944,0.3374648086
0.5873089053,0.3105219732,0.3423415833
0.5806987462,0.3032716569,0.3165746384
0.6402475945,0.2251662717,0.2837234069
0.6393646293,0.245408813,0.260407042
0.6154700892,0.2290533699,0.4113791899
0.5995340256,0.2640723225,0.3360152503
0.6199235685,0.2142229548,0.3564964813
0.6521300261,0.2460426214,0.276579411
0.6102885686,0.2504344991,0.3642691077
0.5779683777,0.2541812928,0.3382516073
0.656439737,0.1973283055,0.4116070497
0.5927282827,0.2642855706,0.3619784507
0.6370624324,0.1934231562,0.4102173765
0.3853491198,0.3103579918,0.2154412742
0.5254464718,0.351860993,0.2715655498
0.6456065088,0.2126864855,0.3701901789
0.6570749957,0.2509967689,0.3473691127
0.639981883,0.2395339389,0.2607124895
0.6115277311,0.2417066648,0.2993016536
0.6223399647,0.2337974502,0.2820907596
0.5070460584,0.3233115083,0.328243897
0.7011336051,0.1858941037,0.351100255
0.5916137532,0.2171184229,0.3823410882
0.4810544359,0.3125029276,0.3570829506
0.5765736147,0.2620301719,0.3151441535
0.5888413656,0.2545307462,0.3054590993
0.6558990126,0.2316122393,0.3411868287
0.5355599056,0.2343650085,0.3018257925
0.57428922,0.248984252,0.2744717478
0.3659990352,0.3488049089,0.4899170667
0.3112516422,0.5117836053,0.3381606683
0.5798997274,0.2253225169,0.3458877436
0.5344001442,0.3086968888,0.2529026571
0.6437442503,0.1799748694,0.3901908738
0.6210932406,0.2078232231,0.4031496553
0.6016241661,0.2240149738,0.3054635922
0.5838164916,0.2528381581,0.3665632284
0.5341153911,0.3179700418,0.3470781683
0.613113767,0.2258638565,0.2277525732
0.5104767374,0.3234507945,0.3116115746
0.4621739804,0.2138364686,0.4922635448
0.6487303879,0.2537895279,0.2894708085
0.5989621695,0.221844486,0.3802117355
0.6119083375,0.2388438586,0.3146728972
0.5542680811,0.2650916563,0.3747691056
0.6097660505,0.2447266419,0.3317406882
0.5950893419,0.2169781299,0.3676540239
0.6195144751,0.2550522309,0.3454829759
0.5246688371,0.2362307298,0.3555505572
0.5722587854,0.2065606546,0.4586558333
0.6262341275,0.2454800069,0.3469634041
0.6281430232,0.1875593701,0.3529627033
0.5736869866,0.2638223618,0.2996019156
0.6188957935,0.2524164817,0.3687342257
0.5940821401,0.2844822312,0.2908737512
0.5730925137,0.1871428365,0.328067112
0.578409996,0.2431884683,0.2527986167
0.6348201162,0.230066436,0.4153805855
0.5777498776,0.187039414,0.4428356461
0.6192005441,0.2060868053,0.336741182
0.6208226811,0.1809868437,0.3807507471
0.6383944388,0.2476209645,0.2135534092
0.5928621108,0.2064595232,0.387492792
0.6603976792,0.195751019,0.3628800699
0.6062081309,0.2970403661,0.3442556054
0.579527669,0.2191358885,0.3032999305
0.6038530249,0.2258300981,0.3636803952
0.6791202622,0.2173613284,0.3501644737
0.3434628149,0.5626567337,0.217322845
0.5438034523,0.2694174582,0.3361499027
0.6319233329,0.2012723984,0.3595132943
0.6227722533,0.2039803508,0.3342845036
0.617515264,0.2384776238,0.4006116207
0.5552055729,0.269217517,0.3075617465
0.4537420408,0.3236495591,0.3902385372
0.5850613315,0.2640420556,0.3656765489
0.6437399919,0.2231936062,0.3379480028
0.5828242748,0.290871667,0.3395124763
0.5728005916,0.2369040868,0.3525566556
0.5647696336,0.2733112877,0.3743914342
0.5969968887,0.2525303893,0.3348063934
0.5762234314,0.2649010309,0.3720845822
0.6587215298,0.2454052767,0.3122634218
0.5987460865,0.2276007526,0.3189012364
0.4865464271,0.3299190732,0.3982152763
0.6037854004,0.239942758,0.3276403647
0.5889682615,0.181683492,0.4293580098
0.6275162801,0.2018917373,0.3720945962
0.5279793597,0.304962932,0.3391811924
0.5840713326,0.2349276076,0.4277863767
0.6117459807,0.2598428664,0.3337937219
0.5545218187,0.2335537585,0.4193372969
0.7595392115,0.1647707237,0.336846355
0.6098585013,0.2300496222,0.3805326635
0.5846913666,0.2239797495,0.3566531888
0.7257507456,0.2363009371,0.2983272323
0.6027926667,0.2503525453,0.3486407064
0.598187429,0.3052657999,0.2958237066
0.5785774591,0.2313605779,0.3903869004
0.5577765318,0.2194206404,0.4051344103
0.3463686066,0.4878128897,0.2996087879
0.5679375348,0.2627392145,0.269162235
0.5755945571,0.2293243694,0.3482167801
0.6987055695,0.2366617439,0.3148271189
0.6408639526,0.2478144836,0.3082010644
0.5343315776,0.2840995521,0.3625320434
0.5744997184,0.2607710538,0.3724807934
0.5201682065,0.250529922,0.3447432868
0.4211155259,0.4200700342,0.2852813688
0.6079101721,0.2101907915,0.3381340574
0.6427017862,0.2105196666,0.3377511121
0.5164255806,0.3447567792,0.3504774007
0.6510498248,0.2410096073,0.3264509945
0.6629233376,0.2190996621,0.3327165308
0.5784567102,0.2028123148,0.3258531612
0.6657761454,0.2386422506,0.2549380963
0.6200490001,0.2600007477,0.2737281005
0.6348025321,0.309792232,0.2257778374
0.7207853325,0.188759393,0.3157844885
0.5961301583,0.1897866297,0.3893530273
0.5240263621,0.2898836387,0.3311587845
0.6396671558,0.2756632081,0.2519355688
0.601568806,0.2453661122,0.3872354749
0.6241579366,0.1926025974,0.3031491392
0.6870256748,0.1623301162,0.062767025
0.6473710717,0.1809302699,0.4036633432
0.4892771058,0.3322341872,0.4097870831
0.631850204,0.2544473379,0.3559652036
0.6348090126,0.2015094153,0.3529031551
0.5641244202,0.2664960619,0.3490922761
0.6441982147,0.2192250558,0.3917319592
0.5569075296,0.2644948147,0.4114679125
0.649357689,0.2676054073,0.3131324123
0.6146681105,0.2353421389,0.364281491
0.515249234,0.2963532789,0.3990871858
0.6424678155,0.2526591131,0.3074370502
0.6064714697,0.2148281684,0.3515293787
0.6710698557,0.2243541602,0.3305188114
0.5418013131,0.2578517243,0.4561797414
0.5607376751,0.2708063441,0.2795453251
0.6562033415,0.1991906863,0.3091402289
0.5466484326,0.3144971485,0.3146719429
0.5187594156,0.3377642674,0.3409147841
0.6442943896,0.1907269552,0.3905419273
0.6115630451,0.2264781132,0.3893695712
0.6579293837,0.1664000126,0.3920243665
0.4997294401,0.4137305964,0.3172745248
0.5908941264,0.3442927245,0.2593225078
0.6613340121,0.2188914748,0.3243150748
0.5334187223,0.2738332861,0.3735207194
0.6706471701,0.2143862007,0.2265496456
0.4823922636,0.2947031653,0.3243655009
0.3927087348,0.3833353949,0.4311934542
0.667181697,0.2391004638,0.2899554976
0.5862063593,0.2128069953,0.402655498
0.5422459194,0.2500785407,0.3721105586
0.4700343364,0.3459436076,0.3647470442
0.4822994355,0.3906040819,0.3042912658
0.6056810492,0.2739727475,0.2613762285
0.5116697659,0.2523870707,0.3988427672
0.5222703921,0.2874393325,0.4118777704
0.5992844989,0.2478889171,0.270047671
0.5078611222,0.3220404796,0.4221296758
0.6411786761,0.2780598311,0.1395897299
0.6615453006,0.1924930884,0.3144376328
0.5779518079,0.2347670669,0.3779030102
0.723881743,0.2073089081,0.3523657331
0.658740838,0.2231864971,0.3134971531
0.677838224,0.2066537601,0.3715881348
0.6446076163,0.1667482509,0.3128476963
0.6371987372,0.2602866312,0.2690496262
0.64256776,0.1726349752,0.463956333
0.5108637235,0.2869232915,0.3456690712
0.5826803986,0.2159686952,0.3236213823
0.6174129206,0.2115713727,0.3472696613
0.6532983945,0.2551352048,0.3340908122
0.5954295049,0.2370806267,0.3717515048
0.5103810412,0.3013185499,0.3540093793
0.5482561467,0.2704459521,0.3639782529
0.5673925774,0.2515963549,0.3940878548
0.5973367521,0.1649176194,0.3960560688
0.583679861,0.2140811208,0.4287859103
0.5681905266,0.2721305694,0.3159764901
0.6170732445,0.3442666617,0.2696170089
0.5871139961,0.2179781586,0.3667029505
0.4436141474,0.3038069887,0.3504146827
0.5971822026,0.2800214592,0.3584105858
0.5146959326,0.2953978899,0.2836326835
0.5367677988,0.3011642261,0.3116825155
0.5569129912,0.2743395985,0.3645553509
0.6423637406,0.1983552448,0.4109025686
0.4997620202,0.3044820703,0.3777822252
0.6801061745,0.2474819892,0.2843948291
0.5900906796,0.245185565,0.3713596455
0.6562519146,0.2625625959,0.2722571264
0.6196745118,0.1757690246,0.3999428944
0.5658939982,0.198217248,0.3952976308
0.590537638,0.26227648,0.3238328638
0.550008708,0.2570672609,0.2898423901
0.4740277899,0.3233554015,0.4251103508
0.6693305118,0.1451165286,0.40278809
0.5464575214,0.2963565513,0.3331249633
0.4923418715,0.3864703952,0.2698072369
0.6750716394,0.2105378664,0.3492283932
0.5916271439,0.2900400462,0.2700636068
0.6132389072,0.1760681904,0.3976459507
0.5589778183,0.2117824536,0.3923009896
0.671369556,0.1820496015,0.3961330154
0.659230297,0.2443913292,0.2940516398
0.5296199505,0.285722927,0.2959860456
0.5107968483,0.2987462826,0.297546203
0.6913825898,0.190190695,0.3774978082
0.5675910295,0.2223407115,0.3867323112
0.537525654,0.2784638776,0.3900769754
0.6893458129,0.1547610255,0.3715043127
0.496924147,0.3466142527,0.3978005848
0.5592731017,0.2977119972,0.3154209503
0.5674928365,0.2782545031,0.3568879983
0.5474106109,0.2275303086,0.3916060529
0.5868592347,0.2655269109,0.2803118043
0.5689504233,0.1846077097,0.4562768739
0.641382518,0.2080182355,0.3755514837
0.5210245359,0.305815969,0.3326827172
0.6885392927,0.1249626486,0.3843726879
0.6503268323,0.2203855475,0.3000704437
0.3794506759,0.5070265862,0.2605588554
0.6317115926,0.1479105995,0.3986223013
0.5868139258,0.22449012,0.3146830861
0.5993938911,0.2584318234,0.2853613905
0.6051534378,0.2255950987,0.3551783502
0.4368770092,0.4079884209,0.3813156377
0.5785246663,0.2237687567,0.4490364582
0.5854462452,0.2323230283,0.3665967314
0.6363317569,0.2669219423,0.2928921084
0.6133269964,0.2323924371,0.3484198732
0.6730948615,0.1774521689,0.3372427224
0.6214011735,0.1849957449,0.3795197358
0.5519340361,0.310126189,0.2646630716
0.6134975091,0.2901605583,0.3098173761
0.71363586,0.1648947876,0.336973805
0.5845749053,0.2456069612,0.3463726593
0.5368041452,0.2419216601,0.4050613498
0.6246519576,0.2441703695,0.3842033316
0.6276746897,0.2043672504,0.3117615765
0.5671875251,0.2158101399,0.3746659678
0.610580433,0.1998710484,0.3981569952
0.6680452574,0.2210097632,0.3611297968
0.6705527156,0.1290716556,0.4505839701
0.5652755671,0.2173923201,0.3811868259
0.5773862071,0.2603629485,0.3332974661
0.7069142236,0.1747948204,0.3163266154
0.5801870397,0.2835687734,0.3938902595
0.5965195158,0.2178703991,0.3044475032
0.6697972805,0.1340314465,0.4608566225
0.5969801199,0.2414261931,0.3432108584
0.6872425522,0.1677029303,0.3556970979
0.60993209,0.2591039365,0.2455874357
0.6715858642,0.2051683629,0.2487873581
0.577718749,0.2527157198,0.3335070018
0.6367156316,0.2353486186,0.3144485407
0.670896678,0.1863798207,0.3608727202
0.6005134415,0.2067989422,0.3923364719
0.6561942052,0.1544664945,0.3491520295
0.3944175912,0.4295140363,0.4036422315
0.7353750234,0.2150195443,0.3025614278
0.4672796287,0.3267559886,0.4650451383
0.6354890729,0.2410631963,0.287703323
0.5312137942,0.3416946349,0.3014297437
0.7015261748,0.2415226815,0.2649538089
0.6636709932,0.2214403869,0.3144660762
0.6399292437,0.2222209711,0.3161443605
0.584232626,0.2349161616,0.3900593753
0.4889137035,0.2455077732,0.4615303914
0.6123521545,0.2458963669,0.2315407818
0.4502765502,0.3897265222,0.3703749551
0.5371161406,0.2869474132,0.3625659672
0.6497883692,0.1589110938,0.4521060359
0.5994294579,0.2445035618,0.4099492024
0.6361488426,0.2381003378,0.2862538338
0.5226054121,0.2527224559,0.4037073685
0.5838011699,0.2193905574,0.3969195789
0.6114471181,0.2878866468,0.3116657405
0.579344319,0.2530980231,0.3672882205
0.3711674538,0.4653158755,0.400680034
0.6473757595,0.1881733155,0.319826764
0.4994105602,0.3722108935,0.3735557169
0.5788707059,0.2430139255,0.2819959175
0.5245549696,0.2620624975,0.4084039657
0.5884108214,0.2656763064,0.3962502593
0.523965431,0.2755234438,0.3725726087
0.5615116778,0.2184967322,0.3799577422
0.5901700551,0.2537695255,0.3439873081
0.6490814213,0.1920292494,0.2962119188
0.5421772756,0.2602857198,0.2581253094
0.64473464,0.1277963157,0.3213862232
0.6466477598,0.2035118047,0.3848479691
0.6230052937,0.1372125146,0.3720283679
0.6204856815,0.2451688118,0.3258872161
0.5976362422,0.2722486199,0.2943487811
0.7076255908,0.1934052434,0.2316008165
0.5610007289,0.25867651,0.3223781489
0.5852327564,0.2597961073,0.4268523685
0.6348328309,0.2347184234,0.2791703154
0.6210252966,0.2005313495,0.3508866986
0.4580827183,0.3754465762,0.3829968978
0.6808523719,0.1606831326,0.2693118615
0.6509761314,0.2223310885,0.2629904055
0.6379345946,0.1895160051,0.3654518682
0.4757987691,0.2142195101,0.5227373068
0.6764398433,0.2208840361,0.317140521
0.5010759553,0.3322750668,0.2533134916
0.673241264,0.2203015483,0.21281925
0.5878636615,0.1984029931,0.4119170025
0.6207314201,0.2248023402,0.3340697346
0.4434447177,0.4207618492,0.2284182001
0.5695686408,0.2534876674,0.3375508952
0.5992538071,0.2684792252,0.3009642549
0.6676886248,0.1663990531,0.3582259586
0.5963233943,0.2433914185,0.4092886381
0.5833636405,0.2468636101,0.407088417
0.5527724468,0.311600935,0.2828693914
0.668466544,0.2028032404,0.354329019
0.5972755531,0.1925519092,0.4364653286
0.6581197915,0.2214006162,0.2540739098
0.5688823098,0.2119438454,0.3705433891
0.6607452733,0.1582102908,0.4489124387
0.6945125079,0.2050262053,0.3153069704
0.7091178974,0.212446062,0.3482920594
0.4938276865,0.3577463923,0.3813955465
0.6806521146,0.1855007802,0.3503219249
0.5472481894,0.3069323512,0.2817637492
0.5372134274,0.2313503823,0.3790746236
0.5830759218,0.2978863696,0.2977158853
0.6097564383,0.2196403454,0.4154758921
0.5995660293,0.2241422191,0.2747002521
0.6880742477,0.2047295763,0.298394645
0.5436769885,0.3144636352,0.2947359649
0.6386911809,0.2485679066,0.3123666052
0.6391468951,0.2651728819,0.215852852
0.6731617358,0.2012180968,0.3078840697
0.617846935,0.2218839922,0.3548159307
0.6211199344,0.1959914101,0.3134472052
0.6672415281,0.2439580545,0.2969920113
0.6523404875,0.2363747487,0.3555096792
0.5723491874,0.1990311356,0.3914312803
0.2409504348,0.649757477,0.3690623427
0.6550039204,0.1997352622,0.3119563633
0.6430267917,0.1940178013,0.400547094
0.6111513492,0.2432265295,0.3367179325
0.6066598027,0.2118064774,0.4256190051
0.5613056749,0.2349250756,0.3935909393
0.5912699162,0.2523916854,0.357430769
0.5234741357,0.2223974446,0.3099786855
0.557153879,0.2938801474,0.3723410779
0.6544979972,0.2127271396,0.3660698757
0.6506855421,0.2572031281,0.324484496
0.6242764716,0.1857841459,0.4063446899
0.666332175,0.2819466481,0.2160015173
0.6855755921,0.2050203668,0.2074941714
0.5652499239,0.2368796336,0.3165624543
0.6775336366,0.179445198,0.2849655676
0.5647175447,0.1994782303,0.3916507577
0.6441613696,0.1824059093,0.3267866412
0.6860626395,0.1290505696,0.3856942956
0.6792152308,0.2065179191,0.3200756755
0.5951793944,0.2107013457,0.3615082482
0.6351867676,0.2178948217,0.3029623097
0.6737209397,0.1625265977,0.2889793707
0.5651396366,0.246225224,0.3843409968
0.5426448099,0.2914223302,0.3350212362
0.6061259351,0.133400308,0.4562152188
0.5085588155,0.276190502,0.2678679078
0.5688116246,0.3101473245,0.3349607852
0.44610792,0.3640121867,0.3721174595
0.6598934966,0.2274812472,0.3075015413
0.6871666939,0.2156034484,0.2795984497
0.5679849609,0.271189101,0.398309866
0.6243696118,0.1965082382,0.4257609133
0.5748453698,0.2238427155,0.3584274518
0.6621199294,0.2161474602,0.2632515212
0.5869434989,0.2510292402,0.4014703359
0.6894351114,0.325094867,0.3355627502
0.6780670668,0.2476867658,0.3025604594
0.6291794436,0.2476923021,0.253071829
0.6211125149,0.2525028856,0.2886990414
0.5781004009,0.2997181412,0.2865924399
0.7009721091,0.2291783685,0.3093043818
0.5067661935,0.3165853702,0.2799463307
0.5923823497,0.1525739101,0.4525098772
0.5153716784,0.3186922327,0.3212715277
0.5838491398,0.2856422504,0.2712116387
0.5629800512,0.2691626582,0.3223927354
0.5674097735,0.2538205823,0.3976020962
0.5374389783,0.2770624874,0.3395069233
0.4669143282,0.3432151003,0.4047559372
0.6501555991,0.20979396,0.3452271511
0.7055909808,0.2341290729,0.2830025676
0.8060956071,0.206827902,0.3058799515
0.6740873401,0.1918358198,0.345338532
0.5922467238,0.1946580553,0.4678507882
0.6314269353,0.2719935419,0.2746815364
0.6102649007,0.1814534738,0.411058892
0.5356707124,0.2220510154,0.3446190823
0.6697321104,0.2131985621,0.4039594991
0.5856005523,0.2427922651,0.4089214955
0.5537941386,0.2330480171,0.4146631408
0.7242062996,0.1693048807,0.3861969626
0.5930957277,0.2120334434,0.3651691544
0.572372494,0.2876530181,0.3497765515
0.6685361713,0.1833938842,0.34730968
0.6527585131,0.1908550826,0.3726262212
0.6349662383,0.2098958002,0.3667581829
0.6837529512,0.1419263327,0.3579606539
0.6127091378,0.2205767198,0.391950154
0.6496398235,0.1941760112,0.3612367126
0.5974609527,0.1747770315,0.4267027699
0.6594296402,0.1612234678,0.3640874075
0.56412555,0.190979675,0.3719829338
0.6429009909,0.2165375992,0.2893330702
0.5412399471,0.1748435306,0.4230797281
0.6018692428,0.2432614853,0.3697945905
0.5304517797,0.2683840115,0.4610872222
0.6143967515,0.2332835434,0.3632862956
0.5710150302,0.2316914752,0.374334822
0.60428223,0.2410530619,0.3593016656
0.647877033,0.1575637393,0.3956212704
0.7191842559,0.1534887444,0.2617163244
0.5976556675,0.2389888025,0.2811076397
0.5451818888,0.2561473517,0.3816684468
0.5310908677,0.355619044,0.2822635318
0.58113162,0.2367341753,0.2845973547
0.6496758234,0.2075044993,0.2981378778
0.6217760398,0.2268912248,0.2999841898
0.5481548475,0.2487318646,0.4096852051
0.5882385144,0.2285645302,0.31891177
0.5804503642,0.2436592583,0.3668204579
0.5476712913,0.237733492,0.3410421909
0.6282906501,0.1803193188,0.4135910189
0.6620498573,0.232167702,0.3577823729
0.6421489425,0.2414485011,0.353716029
0.5739668313,0.3020933135,0.3098672379
0.6889240247,0.1833839651,0.2737639093
0.4247289259,0.3933183226,0.3794098696
0.5923321322,0.2155036127,0.3685161148
0.6264428049,0.2440750856,0.2522194935
0.544033647,0.3685193646,0.3267002952
0.6564130079,0.183673519,0.3885415301
0.6849647095,0.1222147894,0.3774217174
0.565768002,0.2679235604,0.3167487756
0.6368351754,0.2303418133,0.3112357268
0.6761035833,0.1382395869,0.2951280926
0.524497836,0.2427638478,0.3959696032
0.5666528028,0.1808329664,0.4436088853
0.5679408282,0.2193280493,0.4562771685
0.5239500251,0.293939262,0.3583701685
0.7245048718,0.173932864,0.2948708512
0.6589424655,0.2095436055,0.2392736251
0.6284014074,0.2617928462,0.3329110752
0.5921963673,0.2399532536,0.2814234966
0.6426180859,0.3038261917,0.2953057436
0.5996636929,0.2335454123,0.4033202333
0.4761301216,0.2956816749,0.4269131105
0.5769193049,0.3014739616,0.3792612894
0.5511596226,0.295192951,0.2733817533
0.6385405135,0.2319560189,0.3283933795
0.6692282349,0.2104023015,0.2845261995
0.4598757693,0.3061107173,0.4835165861
0.6424292632,0.1859863476,0.1812788526
0.5515575974,0.224602113,0.4066803651
0.5384813746,0.1974009242,0.4125367848
0.614782933,0.2203468345,0.3515306027
0.4976218935,0.2102968749,0.4507869009
0.5848248227,0.3386293486,0.347168513
0.6363131617,0.2473359102,0.295602516
0.6568440618,0.2019713569,0.2560912043
0.5259471327,0.231776232,0.4212549634
0.529515946,0.210662264,0.3810538068
0.6106826073,0.1483834489,0.4112855849
0.5821972205,0.2497175256,0.3923413668
0.6585858856,0.2019521164,0.3610859133
0.5730833888,0.2569015408,0.3987703384
0.5918033416,0.2603340949,0.3286057933
0.6512828037,0.2011900855,0.3021149156
0.6160772597,0.2612882729,0.3245196388
0.5088140845,0.2624659329,0.4456399492
0.6543381221,0.1665453716,0.3136021527
0.5099772315,0.351989873,0.3788578329
0.6697943601,0.2091006037,0.3686846597
0.6634964413,0.249356023,0.3487551878
0.729084871,0.2382755948,0.2299744028
0.6524654924,0.278998788,0.2456249578
0.6062586768,0.2167245937,0.3457757696
0.5963039167,0.2296310078,0.3486398802
0.5376561007,0.2304948509,0.4170109003
0.7185787643,0.1922938506,0.2436513074
0.5959543131,0.2763164577,0.2219450369
0.5126220926,0.2426165339,0.4202015614
0.6511769902,0.2119318307,0.2825738697
0.6658912405,0.2318845558,0.3369546536
0.4930935793,0.3182723662,0.3623420914
0.5422479741,0.2238320015,0.3899062869
0.5640323125,0.147719594,0.4956950818
0.5691483811,0.2214667995,0.366896536
0.5590495365,0.3105090378,0.3388029513
0.6113678539,0.2102101123,0.4131776585
0.5374029457,0.3236391799,0.2785390308
0.664571033,0.1862414636,0.4069921986
0.6688035449,0.1830550298,0.3638358332
0.6385163808,0.2050747692,0.3127433693
0.4974190399,0.3100012604,0.3976481637
0.5119241989,0.3121332844,0.4420443726
0.5688584521,0.2506318788,0.2968611231
0.595704003,0.204486793,0.3988817628
0.7348514097,0.2098486401,0.2467017553
0.6564861061,0.1774823711,0.3194708468
0.6412311481,0.2462652737,0.309125025
0.5049924465,0.3292088135,0.3563843217
0.6600909273,0.2251025981,0.3753344675
0.631555118,0.2271162034,0.3991152177
0.6480805648,0.2397622079,0.389518308
0.5967580972,0.249324554,0.3929715451
0.6620394219,0.2028002159,0.3071999902
0.5019518718,0.3283383469,0.4127218249
0.6044981271,0.2290731687,0.3225406951
0.60893135,0.1721039968,0.4760840345
0.6423772152,0.2499349585,0.294057339
0.5267729762,0.3019958342,0.3764807236
0.6157815869,0.2581899472,0.306693453
0.660364813,0.1897805376,0.4407258991
0.5843812525,0.2503664519,0.3790107455
0.5809989252,0.2800738026,0.3093470103
0.5016358739,0.2622638123,0.4149225114
0.6017645233,0.2161701738,0.4629035325
0.5803346159,0.2551704314,0.487586405
0.4830677,0.366145491,0.3687158992
0.5598173682,0.2772671244,0.3876276628
0.6140327766,0.2215669811,0.3727101777
0.6810774861,0.1560576042,0.430264054
0.6244666869,0.2771423933,0.4432537587
0.5885375684,0.2350410018,0.382488087
0.6264032437,0.1914136702,0.3500410729
0.6419423935,0.2603914053,0.3242808542
0.6113676075,0.2111598413,0.4479797728
NA,0.2237495604,0.3424012772
0.6052897055,0.2571947903,0.274663493
0.6129061471,0.2974514191,0.3206622619
0.5982241248,0.2666139863,0.3584045707
0.5942445502,0.2326061811,0.3898188968
0.5931590046,0.2750741655,0.3330065065
0.6471009418,0.1984827867,0.3342312687
0.6091418932,0.2551026343,0.443598079
0.6062650122,0.2438758501,0.3189760784
0.6002605994,0.2420730778,0.3639825148
0.62311544,0.2497673093,0.3182035465
0.5630311257,0.2607641134,0.344129147
0.6435415174,0.2117707161,0.3988444595
0.6323258691,0.215551402,0.3711597081
0.6308733878,0.183261726,0.4087075813
0.6329036323,0.2189989229,0.3413659529
0.5355249491,0.2533789095,0.4168154417
0.6562990688,0.1768606905,0.3621142019
0.5523867229,0.2847622138,0.4196303456
0.5902388346,0.2440779558,0.3215622411
0.6237858664,0.2713858658,0.309081162
0.6142232288,0.1983283888,0.3616811637
0.5991437913,0.254032784,0.4167846542
0.6256904028,0.2227255832,0.4120550996
0.5379532916,0.2349146874,0.4286826682
0.5898615581,0.2592293781,0.3379856759
0.5839306408,0.2222845785,0.4259297601
0.6702219881,0.2623299228,0.3249186451
0.5993260189,0.2697734007,0.2869951046
0.5693149346,0.2744050362,0.4066734298
0.7028716313,0.2086684686,0.3542032132
0.6254324253,0.2569738831,0.3287922547
0.5828326161,0.2674786359,0.3096595509
0.5291701107,0.2704150569,0.3922122343
0.5953049591,0.2348049546,0.3439540992
0.5029437571,0.3353754438,0.359826104
0.5567043858,0.3079794216,0.3254629945
0.5343246286,0.2981213064,0.4131001272
0.626099029,0.2468393101,0.3588629421
0.7015636379,0.2135957237,0.3649912425
0.6616983569,0.2513174665,0.3444011093
0.6067149616,0.2648326278,0.3508080328
0.6004024427,0.2459708471,0.356982028
0.6302414835,0.2312748674,0.3944445043
0.5907482355,0.2751310845,0.3120371355
0.6122204597,0.2547580011,0.3779157697
0.5410592249,0.2536932291,0.3944503706
0.5954633239,0.2769118923,0.3305313453
0.6462945356,0.2497989976,0.3082663558
0.6483035749,0.2816804274,0.3015181928
0.5716711909,0.2597956418,0.3735435412
0.5372031888,0.3224453615,0.3071003548
0.5762400355,0.2650958734,0.4470528271
0.5113329794,0.2875839443,0.4244870057
0.6324451904,0.2615312002,0.2967072175
0.6722236509,0.2127814295,0.3819291056
0.6414670006,0.1973726336,0.3989081006
0.6677518485,0.2270467356,0.3542184609
0.6174277424,0.2711048052,0.3417805509
0.6450569313,0.1810463025,0.4014282564
0.5881847248,0.3093098161,0.3351766568
0.4906558151,0.2995410826,0.3360939397
0.6414200149,0.2825214263,0.2523545696
0.6666986506,0.1937787727,0.4086049096
0.6914888951,0.2278412097,0.3197942827
0.6474280341,0.2876094943,0.3077904854
0.6965124571,0.2174916827,0.3534498149
0.493486765,0.2524749143,0.4231769773
0.4877521986,0.2562281614,0.4048264934
0.7288412988,0.3035540782,0.1440366498
0.6518502685,0.1992401534,0.430875318
0.5747315741,0.2617159009,0.3913539185
0.6073169128,0.2842624407,0.3503406221
0.609165472,0.2718048025,0.3285233561
0.6323115273,0.2345194973,0.3206536607
0.7475395545,0.3503995234,0.2266381433
0.52583212,0.2258870423,0.4195767227
0.6040271196,0.2800722866,0.3926096496
0.6355984939,0.2613613863,0.35142006
0.5899161325,0.241888184,0.4039641148
0.596033802,0.2563925744,0.3586797943
0.6147243715,0.2465999344,0.3527041786
0.6349576952,0.2395078249,0.3730245946
0.6373458458,0.2402925511,0.3976685742
0.6326014628,0.2401317881,0.3478694223
0.7342075757,0.2094901398,0.3148242575
0.5724987753,0.2332982103,0.4265165352
0.5843522972,0.2816931906,0.3580868806
0.5911594797,0.2926400742,0.3132340948
0.6028434238,0.2463680944,0.4280029109
0.4548833202,0.3242541847,0.3982844078
0.6286035754,0.2373378821,0.3403526808
0.5982403442,0.2739605827,0.3430012893
0.7052803294,0.2144572542,0.3628566703
0.6843199196,0.204276116,0.3357649332
0.6224637718,0.2227987152,0.3969255991
0.5075901397,0.3427027738,0.4132609371
0.6441384738,0.2398879167,0.3586761734
0.6776795415,0.1996891871,0.3692645263
0.6130166565,0.2435632831,0.3479113081
0.5882802144,0.278237744,0.3143400987
0.5964582269,0.2918171906,0.3205645916
0.5328195011,0.2872214481,0.4057581345
0.6703876276,0.2086182462,0.3382074971
0.6562436702,0.2068739301,0.3880374618
0.6734461076,0.2114540849,0.4245238292
0.6236254124,0.2642324356,0.3728751739
0.6202515738,0.2002532365,0.345496131
0.6254896329,0.2175260784,0.414968453
0.6587332908,0.201098421,0.4347475578
0.6749702282,0.2126285086,0.3095167876
0.4963443247,0.3334480592,0.4110876757
0.5709563218,0.2618599653,0.3406529672
0.5624826398,0.1977549269,0.3900729421
0.5673219281,0.268154058,0.4299026185
0.6408115676,0.2343262871,0.2854334356
0.56323123,0.2236816862,0.446700403
0.5432377465,0.3068174966,0.3637580762
0.6482393672,0.223174696,0.4054138611
0.6911274296,0.2384877053,0.3505329327
0.6113877544,0.2466626353,0.402414445
0.6236050496,0.2806743666,0.3258977784
0.680610869,0.1915994546,0.3571241136
0.6555422097,0.2342571614,0.4299017747
0.6742107649,0.200539623,0.3020194475
0.6381299578,0.2252075748,0.3185589715
0.6604489908,0.2077648636,0.3325928538
0.6597852434,0.2261429952,0.2813802276
0.6648925061,0.2298028686,0.2686725327
0.5953206523,0.2344300945,0.3773014637
0.614401553,0.2365120443,0.3671422881
0.6739218876,0.2857509515,0.220882656
0.5586854151,0.2691361531,0.3911077702
0.6827606416,0.1631135349,0.388531145
0.5377831831,0.1833157614,0.5106433898
0.4857563567,0.2574953379,0.482213352
0.6514202487,0.2356575358,0.3316193148
0.6753974584,0.2351594723,0.4028485132
0.5528622047,0.1848777706,0.5194677547
0.6287307095,0.2313640028,0.3337026195
0.6035075607,0.2632505255,0.3378075617
0.6321387793,0.1727970975,0.3534848695
0.6258387942,0.2063305575,0.3471391957
0.5892240953,0.2300087575,0.3625900549
0.636807659,0.2691172273,0.3422229308
0.6170092412,0.2628804133,0.3294667754
0.6475543786,0.2152723481,0.3137978378
0.6159203314,0.2659831833,0.2911910049
0.5974810297,0.2331003731,0.3424079959
0.513060562,0.3277017513,0.3411151525
0.6568320181,0.2481281008,0.3065366052
0.6214661454,0.2481174102,0.3379686797
0.6380117244,0.2450136794,0.3980903376
0.5748254297,0.2838543116,0.3366009038
0.6350094664,0.2259116984,0.3863934633
0.5824810679,0.2764222464,0.3413677652
0.6043210747,0.2285387969,0.4675260978
0.5599499683,0.2507113783,0.3439144607
0.5705946377,0.3229749898,0.2773102075
0.6735383749,0.1997492633,0.3835716463
0.6642797891,0.2878859967,0.2457904692
0.6594709384,0.2157894884,0.3438341647
0.5546817865,0.2716229808,0.3071937406
0.6331676284,0.2263861384,0.3338919702
0.4919186736,0.3256150088,0.3466393165
0.680984397,0.1956703881,0.3991531949
0.3445528011,0.5332299668,0.3850916286
0.6001714837,0.2594276563,0.378353345
0.6405963775,0.2345883142,0.3302963938
0.589387996,0.2895811563,0.3319731821
0.7120425563,0.2086335594,0.3638267544
0.6246733432,0.261993623,0.3509928889
0.6693854103,0.2252817405,0.2988409694
0.6055908558,0.3047052967,0.3661737522
0.5326559868,0.2958996005,0.4052578475
0.6520477117,0.1904617543,0.3875483612
0.5533108492,0.2400204445,0.3996603895
0.6915624361,0.1928708706,0.435705448
0.5240508946,0.187567859,0.4618466673
0.5824441436,0.1963446294,0.3858073044
0.5838164916,0.2528381581,0.3665632284
0.5065766455,0.330884518,0.3853152891
0.6353933263,0.2195234058,0.3296576277
0.5639374644,0.2964423598,0.3776960701
0.5745548729,0.1666985674,0.4862618929
0.6720781293,0.2510732923,0.308554958
0.6086060898,0.2313448945,0.428685441
0.6299166124,0.2410479185,0.3452562505
0.5263346193,0.2701677793,0.4429589805
0.6587194091,0.233694458,0.3403727823
0.5570805311,0.2616194299,0.4223032492
0.5945201369,0.2497109504,0.4637154289
0.5167093864,0.2910096323,0.3770834318
0.5779178686,0.2383388136,0.3814045026
0.635189282,0.1931252353,0.4190816123
0.6728128392,0.1947967955,0.4083216061
0.5891497305,0.2585187819,0.3798069137
0.633682023,0.2750586591,0.3907249392
0.5315105385,0.3246079016,0.4095833952
0.605077855,0.2471793861,0.3715824946
0.6102274784,0.2167927596,0.3105124578
0.5923600953,0.2294212217,0.4287053199
0.5650809284,0.2268395127,0.3895593196
0.664948078,0.2174657935,0.3387945837
0.591495985,0.217312079,0.4384038871
0.6520813476,0.2677040845,0.3233820967
0.5612554595,0.1940861856,0.4606279483
0.6525783844,0.2226423924,0.3631954171
0.5591221327,0.2555999263,0.4486282322
0.5521242066,0.2133332268,0.3833258304
0.5230770245,0.2456174267,0.4802141171
0.7220644965,0.2019634693,0.3679419677
0.8567799563,0.2492687993,0.1800337539
0.5873562456,0.2441295409,0.3430280921
0.6319569779,0.2012702804,0.359761358
0.6308662511,0.2131609733,0.402243619
0.6209678619,0.2291665002,0.453969313
0.6969946445,0.2060748974,0.3349449121
0.4569432028,0.3255994986,0.422243569
0.6348816072,0.2169151234,0.4528128411
0.660207989,0.2421546407,0.395975467
0.618622304,0.2986816786,0.3338404683
0.6242720104,0.168718839,0.3397696179
0.6067732896,0.2738151638,0.3852634075
0.5663908563,0.2835705952,0.3145744577
0.5438396736,0.287224089,0.3533096958
0.6567710217,0.1974114049,0.3987210519
0.6036923156,0.2206919088,0.3333485258
0.4773079868,0.2942328791,0.4735429254
0.6056737265,0.2374408032,0.3610823994
0.6219159551,0.1893139626,0.3999208962
