"i_y","i_z","i_x"
0.1739251571,0.9072536125,0.1124758702
0.2507936196,0.88213562,0.1223957304
0.1196615998,1.0243474547,0.1287397838
0.2269597956,0.8631584665,0.0694284779
0.3290527217,0.8356695979,0.1094424496
0.1222984198,1.0175434095,0.0836286729
0.2756855078,0.8486723825,0.1101686705
0.2671969291,0.8752065253,0.0884971992
0.2090332107,0.9424315434,0.1074702843
0.213851195,0.9502527433,0.1286157449
0.1734219487,0.9310070118,0.1194764858
0.17415272,0.9767943126,0.0871832378
0.122802597,1.0209195601,0.1316497758
0.3285593232,0.8479249901,0.0826404093
0.2802060678,0.8777467939,0.1180658677
0.1988731805,0.8822309278,0.1605005448
0.29033103,0.8643325179,0.1125055424
0.185416907,0.9447646309,0.1422919729
0.3140830318,0.8703447795,0.0849155601
0.2505514484,0.8938889186,0.0907165982
0.276825403,0.9141818685,0.064035966
0.1474222813,0.8341386146,0.1869571613
0.1730097762,0.9732642767,0.1005607178
0.1444940929,1.0077190927,0.1368951096
0.1332113479,1.0499519394,0.112408776
0.2033222949,0.8263731722,0.2503644699
0.2432659633,0.9099811881,0.0894328266
0.3561330243,0.7662113444,0.1118264655
0.2273058425,0.675244035,0.3028163877
0.3945014724,0.7973320345,0.101461226
0.3130530386,0.8516554855,0.0925956658
0.1589384861,1.0112191625,0.1055555088
0.3275553881,0.8024911819,0.1236407257
0.1535783083,0.9691695799,0.13970018
0.1893070719,0.9834026035,0.1279227056
0.3583724544,0.8275127138,0.0842938518
0.18435266,0.9046413701,0.0688307019
0.2775007748,0.8472282904,0.1091391446
0.1949010405,0.986559891,0.0966958968
0.1820855565,0.9338158693,0.0960544008
0.2157179235,0.9210675211,0.1228875268
0.192188997,0.9237723061,0.1384786354
0.23771005,0.9028955153,0.1121665814
0.3229732057,0.8483332412,0.1013418207
0.2936067083,0.8256466949,0.0764202865
0.2716461991,0.8618946667,0.1243595008
0.1980024173,0.9759897254,0.0591801593
0.2788815125,0.8470928588,0.1075380249
0.1915916114,0.9736590402,0.1107429032
0.102340756,1.0456640069,0.1509563341
0.2026972062,0.9649573288,0.0831949937
0.157301665,1.0101564607,0.1190715658
0.1935383328,0.9260887322,0.1117053648
0.161654844,0.9616535717,0.1107001748
0.3633024081,0.7700511746,0.0613025345
0.2272458207,0.9336527769,0.1058022922
0.2114453906,0.9043992247,0.1311857228
0.1649026005,0.9795345473,0.055966647
0.0985165652,1.0968871186,0.0878501612
0.2927953947,0.8758621569,0.0871190651
0.3760927966,0.771749595,0.0883141768
0.1985830952,0.833889799,0.2080063426
0.1859609683,0.9114605088,0.1169727041
0.2704865234,0.8422903994,0.0884941908
0.378346755,0.7837958918,0.1263649289
0.1800903299,0.9745569674,0.096652941
0.3338906619,0.8112157194,0.096194555
0.2356764286,0.8949117386,0.093141622
0.3070573377,0.8923001415,0.086416715
0.3065918171,0.8557866944,0.1056875328
0.1352426436,1.0295875474,0.0861859257
0.1662795983,0.9389088729,0.1056057816
0.1814924317,0.9625289174,0.1180779327
0.1522082731,0.9961690767,0.0793613641
0.1655431129,0.9325236127,0.1259216719
0.2522217469,0.8989824838,0.1089152218
0.2993233037,0.8204541356,0.1244182615
0.1541544266,1.0096099554,0.1164707342
0.3100100767,0.8350695201,0.107501491
0.2305586323,0.9300001787,0.1283218047
0.2806287886,0.8684961802,0.1054492984
0.2361258118,0.9197207742,0.0831940881
0.2250077492,0.906933267,0.1097910144
0.1186435843,1.0316126878,0.1179232088
0.0917083064,1.055939422,0.1268689977
0.2146905485,0.8866687587,0.1328008025
0.1517418954,0.9280711563,0.1448840666
0.171761552,0.9570815595,0.1417262321
0.2762982918,0.8465437027,0.1379445676
0.2941929896,0.8130315134,0.1338475644
0.2542290674,0.8635558229,0.127050153
0.186721476,0.9392821365,0.129586248
0.2323911668,0.931574565,0.1204131347
0.1712102762,0.9139582303,0.1039385594
0.2588119414,0.921978516,0.1066356271
0.168089841,0.9862092781,0.1073220216
0.237039898,0.9124447141,0.1260479554
0.2526470241,0.9063836647,0.1170829687
0.1345831141,0.9716318107,0.1417428009
0.2729426052,0.865157604,0.109441613
0.1393451404,0.9702790287,0.1002150453
0.1458517505,1.0262267678,0.070665027
0.18417666,0.9841217978,0.1381824942
0.2125824748,0.8981239059,0.1427769375
0.2052379819,0.9292192596,0.1121916534
0.3391042013,0.8240345432,0.1052793348
0.275894113,0.8624737178,0.1278488719
0.2047597384,0.9255619924,0.1344047107
0.3156497673,0.8517337236,0.1081979193
0.2379697582,0.907842649,0.105708461
0.3892341239,0.7611512995,0.0820735312
0.2335221008,0.898033335,0.078366273
0.2190050844,0.9513138441,0.1015590296
0.2549733495,0.8783645474,0.1246646761
0.2900982645,0.827472874,0.0820100751
0.1307654196,1.0262013309,0.1248628639
0.2707513302,0.8978454798,0.0926128948
0.1209372517,1.0532499232,0.0975122319
0.2600572802,0.8940382336,0.1121184387
0.151571755,0.8783624804,0.1538671075
0.236587341,0.9355383834,0.0911407356
0.242347496,0.9108533369,0.1261904686
0.1790981185,0.950148079,0.1352302613
0.2380193857,0.9008522184,0.1056144375
0.152254463,1.0139960606,0.0847450606
0.174201055,0.8196402511,0.2542893082
0.1614973318,0.928925907,0.1712844798
0.3376183612,0.8088203354,0.0970254911
0.1438021246,0.9774127374,0.0865404476
0.3740809239,0.7568095204,0.1032488934
0.2103813279,0.9309028561,0.0658428718
0.2753488524,0.8532263532,0.1151057997
0.3008042767,0.7827754181,0.1248455021
0.2658383618,0.8753154727,0.101293817
0.2795207319,0.8629505553,0.112135703
0.1262738758,1.0468978346,0.1245644933
0.2381662369,0.9048917532,0.112605431
0.1876875698,0.9256575988,0.1366467027
0.1994271272,0.9527522956,0.1125416181
0.237527162,0.903467098,0.1078391598
0.2495139136,0.7987354199,0.1208811234
0.3148865703,0.8086784861,0.0984637867
0.2182687021,0.8956255036,0.0925167823
0.3295213829,0.833331306,0.1016358963
0.2027580471,0.9235385607,0.1286860149
0.3174689042,0.819928,0.1015414271
0.2811545577,0.7481200791,0.1534170629
0.2246762955,0.9144762342,0.1202379133
0.2929398198,0.8563109021,0.0800918436
0.3352208969,0.7679482925,0.0915512163
0.2708155075,0.8963772373,0.0927198652
0.2803673824,0.8872218124,0.116245377
0.2873943558,0.8470064284,0.1112670046
0.164920565,0.9717639577,0.1456305504
0.2191851606,0.9344983586,0.1017334497
0.2039569915,0.9488695429,0.1013374709
0.2644021241,0.8435617378,0.1343983599
0.2747988709,0.8704161941,0.0825392052
0.1853263593,0.9527063833,0.1339466037
0.2768619732,0.9319742649,0.0717308191
0.2336401563,0.9614672119,0.0993841524
0.3029749588,0.8488741456,0.1147355596
0.1365790971,1.0081692977,0.1251799507
0.1533492249,0.9838739136,0.1290484654
0.1622399413,0.9158774848,0.0960716836
0.3020602579,0.8204941431,0.0989326797
0.1948847818,0.991586676,0.1246495186
0.3314922485,0.8394746377,0.0771347478
0.2529785045,0.914829196,0.1252785813
0.1912024334,0.9439503295,0.1208532321
0.1960219516,0.9558114223,0.1267910137
0.2139880951,0.9145104191,0.1331566342
0.2369115313,0.8483246369,0.1780638683
0.315473779,0.8713848887,0.1173166457
0.2379411613,0.8664382039,0.106871103
0.1755600418,0.9196892611,0.1027742049
0.1846349657,0.9723748141,0.106081402
0.2940615336,0.8673191154,0.1134100583
0.1421344307,1.0008323613,0.0991143812
0.171523328,0.9232640822,0.1467460681
0.3399330179,0.7982754161,0.1062242415
0.1914514769,0.9483775187,0.1415967686
0.1617589114,0.9958944174,0.1275436885
0.1581408204,0.9987326881,0.0960941172
0.3133088334,0.8612714146,0.0961839783
0.2264168571,0.86639237,0.1555661177
0.1961654444,0.941855257,0.1094440695
0.2679472306,0.8859629032,0.1358442698
0.201188843,0.9502346642,0.086044783
0.2828774502,0.8996398833,0.0850697399
0.1527765932,1.0354431318,0.0726898164
0.3086858222,0.8859226316,0.1200370854
0.2145918876,0.9447199595,0.1288589661
0.1470664589,0.9991911541,0.1030336747
0.2867368571,0.8921154271,0.0982618537
0.1861944837,0.935625121,0.0928553408
0.164967791,0.9445305986,0.1528282316
0.1775870969,0.95915105,0.1420960223
0.0253655036,1.158338669,0.1482779253
0.1547967443,0.9432447457,0.150365665
0.1380987834,1.0029090121,0.1447138753
0.2316979708,0.924431809,0.1195858102
0.2179623479,0.8725013601,0.0902210738
0.1670365113,0.9620824618,0.1126478202
0.2289709437,0.8972011443,0.0877281788
0.2298446145,0.8713645622,0.1253729146
0.3009982179,0.7987564508,0.1128019569
0.166011947,0.9446908538,0.1463742439
0.1946333634,0.8875911464,0.1171733504
0.2466407521,0.9098692787,0.0640055769
0.239802161,0.9258583298,0.0788822715
0.3501074243,0.7829536444,0.0875430962
0.1866091458,0.955472321,0.1231885353
0.2221665002,0.9415345741,0.1206751001
0.1011784269,1.0123907902,0.1818391065
0.357895185,0.7507476209,0.1143230938
0.179644218,0.904994761,0.1111385406
0.2231111191,0.9459878798,0.0908127364
0.2085928095,0.9396314182,0.1328374626
0.2423015951,0.8707004307,0.1004489162
0.2001479587,0.8322693203,0.1420555522
0.2154078679,0.8936934113,0.1396629626
0.3807853605,0.7783712137,0.0884091819
0.1644184398,0.9131660483,0.1115366691
0.4123292437,0.7367698184,0.0770731719
0.2670910086,0.9078108211,0.0558301391
0.1667268403,0.8912904311,0.1775665133
0.2558506596,0.9442400808,0.0961016964
0.2577031882,0.8359415764,0.1506522042
0.1794563521,0.9484280393,0.0951207721
0.172555342,0.9571229372,0.1179290538
0.1805201735,0.9546166504,0.0996249421
0.2312004626,0.9068321757,0.1038536961
0.2040918461,0.8879055868,0.1232827803
0.3486121443,0.7742450726,0.1198794013
0.2365646638,0.9125165892,0.1386176221
0.3063852503,0.8930740195,0.076964586
0.1914864891,0.9002286606,0.1170606686
0.1851894009,0.960534204,0.1017977392
0.2442442599,0.9450780977,0.0846258097
0.2020163777,0.797981851,0.2389662864
0.2715804522,0.8741174192,0.0780939607
0.3175444272,0.8344236277,0.1030972677
0.3239929423,0.8220178603,0.0943166272
0.1735599746,0.978036633,0.1152335825
0.3430305298,0.7562827237,0.1098556345
0.2167438574,0.9228711746,0.1029851136
0.2520945253,0.8379543016,0.1254191138
0.2050169416,0.9452176884,0.1047610328
0.3210392179,0.8079205848,0.1388188931
0.2636341674,0.8671701526,0.1173169385
0.2794253421,0.9017434114,0.0877386996
0.2802498579,0.8456804991,0.1145636789
0.2982080451,0.8314059565,0.0926674677
0.1716108571,0.9484971052,0.1087697861
0.2951399855,0.8796643607,0.1173658765
0.1475442107,1.000492304,0.1343644994
0.1420992162,0.9626720867,0.1263585543
0.0963446033,1.0605475826,0.1985183025
0.1628175562,0.9610780059,0.1645085208
0.2309760502,0.9457017731,0.0911752911
0.243717172,0.8897247659,0.1053473004
0.1686593418,1.0028145101,0.0857084252
0.2111975081,0.9031075143,0.1417746189
0.1812423654,0.9873267936,0.1097024966
0.1931563892,0.9173021894,0.1340273941
0.2564802571,0.9223812428,0.0746901711
0.1759169499,1.0042746032,0.112813755
0.2313526522,0.9323642726,0.1183387979
0.227890684,0.9323516999,0.1449772265
0.3065352422,0.8564780189,0.0949124533
0.2079731639,0.9308779807,0.1085442569
0.2714341106,0.8373693866,0.125926913
0.2235241395,0.8686597167,0.0528384497
0.2514455318,0.7977833383,0.1654481625
0.1813812012,0.9550145424,0.1164443786
0.2183830494,0.919837829,0.0914388371
0.151558449,0.9785375264,0.1175177022
0.2425960252,0.8820128523,0.103910312
0.1560583798,0.9753008346,0.1092747576
0.1806345381,0.9450206724,0.079531176
0.1444908015,1.0241157399,0.1074360641
0.1873064195,0.746710731,0.2704320881
0.1179634905,1.0381875645,0.1334127988
0.2383048549,0.8277977385,0.1478425755
0.1723519697,0.9483380958,0.0754448998
0.1292679237,1.0293502097,0.0619166202
0.1480317553,0.97711123,0.118298706
0.1514732929,0.9679635352,0.1063183064
0.2973048178,0.8534927785,0.0842820051
0.1457767296,0.9770559544,0.1388902411
0.1415781838,0.9866509186,0.1773561981
0.1564357198,0.9398643636,0.1175505006
0.2237832279,0.9353049992,0.1331707845
0.1733805175,0.921044098,0.1465411041
0.2876302314,0.8641716548,0.133325497
0.1416839917,1.0080797207,0.1126070977
0.2226287551,0.9487309582,0.0953567539
0.1861843083,0.9903349885,0.0959484981
0.1546782469,0.9923270184,0.1216294395
0.2186382065,0.9339886765,0.1175699065
0.2832222734,0.8401766428,0.1196796757
0.3862494792,0.7909447723,0.1229685357
0.2782263293,0.8882916024,0.1137049244
0.28840708,0.8709693739,0.1088345645
0.2002851002,0.9688332224,0.129243698
0.198252814,0.9406977595,0.0733521939
0.1903808314,0.9557806408,0.0879261658
0.3375159412,0.832705947,0.106038452
0.1392328098,0.9712015197,0.1528753537
0.3239365885,0.9100172509,0.1009697945
0.1524912222,0.9945886826,0.1129062793
0.2738705445,0.8676836429,0.1440574085
0.1465515579,1.0068868287,0.1326067961
0.1828677748,0.9314291926,0.1433574669
0.1773249709,0.9117891356,0.1021632568
0.231045579,0.9270138964,0.1003408638
0.2736929176,0.8393938384,0.0674086014
0.201462874,0.9296317954,0.1193351665
0.1318569949,1.0478202056,0.1109373538
0.1818567005,0.9211767098,0.1163276767
0.1538889385,0.9289221389,0.0877972876
0.1606955048,0.990835062,0.1043423056
0.2958369467,0.8476146831,0.0668009558
0.2108327509,0.9574891818,0.1562873201
0.4330793838,0.7173312269,0.1114597914
0.1987974452,0.9366406452,0.0922502506
0.300438126,0.8714692239,0.1110938835
0.3275745495,0.8417411076,0.1288126958
0.2433591963,0.9043750796,0.0751098815
0.1471599042,1.0012754878,0.1278642223
0.1565135179,0.990171403,0.0909614383
0.3309548358,0.8092087,0.1181959922
0.2566788474,0.9030971331,0.1195736898
0.1253630907,1.0172036052,0.1213575144
0.1555022995,0.9689278791,0.146827283
0.2029483539,0.8966104999,0.1223360536
0.1964339163,0.9446291622,0.122637796
0.2263559518,0.9601406168,0.1057179236
0.2061997511,0.9246362392,0.1089905329
0.2265972913,0.9414211442,0.0926702089
0.3614436285,0.75849022,0.1147001694
0.2323640037,0.8901624725,0.1051627908
0.2583594232,0.8609452237,0.0857038068
0.3104391714,0.8209477185,0.1075979669
0.3243587898,0.794652831,0.1164977312
0.1814546424,0.978052232,0.1179966382
0.3155910703,0.8134275779,0.1004964798
0.3014904233,0.924192726,0.1351742813
0.224649885,0.8917691903,0.1294946904
0.2691643843,0.8703579668,0.0860575633
0.2543539926,0.9099837513,0.0961639136
0.1820801198,0.924692263,0.1300841834
0.1432171629,0.9873207069,0.0967098596
0.2088052745,0.8611616926,0.1421063848
0.2215370839,0.8889952914,0.1179212575
0.2064147067,0.9037664532,0.13086449
0.2978225982,0.8735331247,0.0789654926
0.3236575028,0.8271378121,0.1605172338
0.2427004648,0.9022352038,0.1127538357
0.2169166546,0.9475095762,0.0796157194
0.2466524275,0.9048101913,0.1092495257
0.3194954305,0.8582692727,0.0932694272
0.2545600521,0.8510489268,0.118544102
0.134914342,0.9923802932,0.1251839035
0.1930725575,0.9195170626,0.1077032239
0.1678905754,1.0010828956,0.1116393251
0.2072083589,0.9296827849,0.1063223667
0.2901369175,0.7599745071,0.1745620412
0.2029070973,0.8996174439,0.0819975911
0.1274600441,1.0115032793,0.0634623296
0.2550806237,0.8699411265,0.139425084
0.3350104249,0.8241746203,0.098876572
0.2377980162,0.8932524139,0.0988237386
0.0903727038,1.0625512627,0.1140978099
0.3057082876,0.8710063474,0.0956233833
0.2397469911,0.8922471922,0.1342829676
0.3241713973,0.8517207278,0.0711191241
0.158891142,0.9511885361,0.1472044903
0.1325023574,0.9858153122,0.0846197882
0.2946865198,0.8475414753,0.0803776998
0.1771509763,0.9291210746,0.0613314399
0.1722675719,0.9427981594,0.110310301
0.190324705,0.93686565,0.1209693055
0.1701145074,0.9579800255,0.0848809742
0.222845915,0.9615109772,0.1177902937
0.3605659127,0.7665645843,0.1172768019
0.2358249432,0.9180797231,0.0939424687
0.1901270472,0.9691869843,0.1545160034
0.1286085218,1.0090483263,0.1130482903
0.1552424443,0.9601847502,0.1320108541
0.177116685,0.9795338233,0.081313446
0.2267660442,0.9433136878,0.0745845188
0.1455686951,0.972049462,0.11240711
0.221222437,0.9011593122,0.0766284833
0.3578319537,0.7762795298,0.1127188644
0.3000973869,0.889885516,0.0618502292
0.2260492588,0.9296451899,0.1136893516
0.171447218,0.9808946763,0.0969913922
0.2952881554,0.8572940146,0.0933787526
0.4068858132,0.8358280123,0.1133209186
0.1787217991,0.9102401491,0.1591973572
0.2404045843,0.8950226118,0.1287232062
0.3062837611,0.8711856208,0.0873111827
0.1959651128,0.9432241209,0.1441011571
0.1481424983,0.9747788874,0.1381457263
0.2538425232,0.894797226,0.1030388361
0.1718403448,0.9557616378,0.0647654069
0.210118397,0.9221724689,0.1072793139
0.1806616607,0.8675143589,0.0884795056
0.1906457099,0.9495986298,0.1000650972
0.214684637,0.9163693732,0.1104726734
0.1989185501,0.9484113937,0.1424683107
0.1472315889,0.9393444726,0.0939673691
0.1818133158,0.9520576496,0.1184111195
0.2146779937,0.9297396414,0.1148502391
0.308232678,0.8484684362,0.0940236423
0.1982291106,0.931264428,0.1210043396
0.1955693158,0.9099497685,0.1195753828
0.1135771106,1.0500377816,0.0947933677
0.1792131186,0.9861406498,0.1289795949
0.3114272747,0.8105825924,0.104955513
0.1697429279,0.9315397461,0.1073029122
0.2759371422,0.9046015205,0.1017857368
0.1856029948,0.9606910583,0.1386562165
0.2951624405,0.8116695882,0.1233298163
0.1975720252,0.9246349547,0.1335825955
0.1441285417,1.0060416442,0.0967618262
0.2522473331,0.8778740239,0.1452799473
0.2029191342,0.9232142982,0.0696300586
0.2392877035,0.948795791,0.1146492261
0.2379141658,0.9302299349,0.0931052289
0.197689603,0.9866589624,0.1539559398
0.2527010505,0.9883599576,0.0800656799
0.2317142233,0.924404928,0.0975404478
0.1810672812,0.9496258957,0.0794615174
0.2979438477,0.8293424523,0.0968929213
0.2919828419,0.8297248549,0.1263996119
0.2357170996,0.8978590371,0.1154164412
0.2675808841,0.8463003212,0.1270932022
0.3192502171,0.8383100418,0.0968321657
0.2381651397,0.9589671002,0.1045308195
0.2727437235,0.8595270634,0.1107463992
0.2270326423,0.8874690043,0.1822171716
0.2696450572,0.8696719635,0.0709601789
0.1968509318,0.9733711648,0.1165371947
0.2238171995,0.9159433872,0.1020533605
0.2333314908,0.9337622535,0.1012449927
0.2357449256,0.9594606207,0.080849774
0.2239578554,0.9161146563,0.1524957158
0.2860317828,0.84676725,0.1145458238
0.2619792379,0.9267585144,0.0883402455
0.2045529757,0.9587699409,0.0929392758
0.2702920608,0.8705042461,0.0746651633
0.2275461473,0.9700650204,0.0896724012
0.2587513377,0.9177454538,0.1092954856
0.2486666611,0.9193949649,0.1371398555
0.1931408543,0.9790486513,0.1268709627
0.2467017499,0.971917934,0.0581594858
0.2628185724,0.8747291975,0.1472325738
0.2533080215,0.9002217282,0.1416865388
0.2762187786,0.9046350722,0.0652217301
0.3101815161,0.8149512867,0.0887862486
0.2858536058,0.8978600851,0.1358614668
0.2330838359,0.9141254484,0.0919508509
0.2490646805,0.8681256477,0.1343357189
0.2523807264,0.8908104558,0.1390903409
0.2042077784,0.9687036098,0.0619777933
0.1820837158,0.9657471584,0.1506487259
0.2584335025,0.8442770022,0.1095899364
0.2019437538,0.9011135617,0.1397302917
0.2573727436,0.89892957,0.0996204074
0.2263557645,0.9690741737,0.0848261759
0.2382147453,0.8912038043,0.1408963675
0.2182665173,0.9434477664,0.1179592131
0.2084295558,0.9501060853,0.1291647892
0.2377625303,0.907017981,0.1116072757
0.2268263291,0.9454899138,0.0721069026
0.2722288497,0.8481405683,0.139925586
0.2479008741,0.8743849119,0.1169266577
0.1716218799,0.8571948014,0.1950080642
0.2493675466,0.8739167431,0.1369974178
0.2368847311,0.9549355603,0.0907680926
0.2579096777,0.923434217,0.0416993276
0.1212450484,1.07457742,0.1204536042
0.3080638136,0.7886130259,0.1563658053
0.2652170776,0.9108748292,0.0833082841
0.2435387894,0.886563036,0.1267151345
0.1978251974,0.9433252614,0.1621770749
0.240912601,0.9001915343,0.1056959407
0.1883497987,0.9507707239,0.0927150965
0.2565952584,0.8193284126,0.1362535839
0.2577995354,0.8495575094,0.0835051136
0.2000621972,0.9795015526,0.1566574377
0.2597804717,0.9298987932,0.0897950724
0.2697672661,0.9229941682,0.1083287662
0.2666222041,0.9072802867,0.1182276314
0.2668038567,0.8973956486,0.1288429638
0.2426368328,0.8603536943,0.1964259525
0.3207536049,0.7714046038,0.1389586837
0.1824171082,0.9846177533,0.1243657893
0.252071056,0.9125939836,0.0830572626
0.1929022909,0.926480172,0.1721360178
0.1963324086,0.8686318082,0.0933393776
0.2257281585,0.8959766693,0.1721346358
0.2446870791,0.8298856455,0.1814337556
0.2242213112,0.9409860876,0.1209663861
0.2736301861,0.8832922006,0.1343577257
0.2116320857,0.9697436576,0.1333390181
0.2681396894,0.8741864077,0.1139023645
0.2853544392,0.7576883782,0.2023146646
0.2131670982,0.9426791063,0.160834257
0.3155196791,0.8644409017,0.0835398372
0.2742720378,0.8622352878,0.1285723768
0.2966068003,0.8711336949,0.12495619
0.0990075583,1.0298106081,0.1117875866
0.3001969724,0.88982729,0.1126539024
0.1861513081,0.9490797811,0.1351213296
0.2274571492,0.8724508118,0.134338024
0.2223506182,0.9500871787,0.1695124668
0.2399149383,0.934563552,0.1136798094
0.3073429309,0.8818840658,0.1246923054
0.2385830008,0.9683680422,0.0916301516
0.2306688302,0.9312934658,0.1022801667
0.2555881765,0.8963371857,0.1299683866
0.8535992534,0.3199749934,0.1523285813
0.2557086711,0.9081464604,0.1225704619
0.285999476,0.8750791634,0.0740902788
0.2318743222,0.935828076,0.1501343042
0.2298865006,0.9429834381,0.1057095
0.1275024732,0.9920368491,0.167999029
0.7393993394,0.3085048351,0.2453444068
0.2291482298,0.8687729133,0.1633386689
0.2390874907,1.0035798166,0.1249918596
0.2188752682,0.9077192582,0.1448998795
0.2765525337,0.8237233904,0.1794586126
0.2300056377,0.951990385,0.0399633579
0.1575072612,0.9782982031,0.0683226102
0.1794323664,0.9474793501,0.1614254041
0.245614205,0.9395374151,0.1505892272
0.2442287756,0.9426967484,0.12394418
0.2888919381,0.9690772586,0.0949167402
0.2223616433,0.8216121845,0.1790750217
0.1563427201,0.9708558636,0.1589950782
0.2196404376,0.8670562396,0.144533472
0.2895461721,0.8932433744,0.1027605432
0.1793765809,0.9665863702,0.1822350898
0.1836552224,0.9462676366,0.102932153
0.2180860835,0.925834372,0.1327275215
0.2596795551,0.922520105,0.0884091303
0.2385235489,0.9189137515,0.1421671489
0.249767871,0.9025991261,0.1529175288
0.2259941624,0.9552036325,0.1207713095
0.2785214925,0.8823147622,0.0973247889
0.2038446203,0.933511638,0.1349098762
0.2639129247,0.8521141547,0.1372033076
0.2504792347,0.8721168752,0.1480371508
0.2481689606,0.9740498854,0.0889560702
0.2562115762,0.9284650004,0.1017717187
0.2420731429,0.9305789486,0.1172314456
0.2069939779,0.9361001645,0.1336637389
0.0842106758,1.0264451152,0.2180032963
0.2149931119,0.9529855699,0.104405809
0.21391822,0.8829196013,0.1816318891
0.1754592684,0.9831457029,0.1111306375
0.2109265241,0.9965029399,0.0982826167
0.2465948959,0.9096326946,0.1136501402
0.2231192225,0.9240912091,0.1042929729
0.2703643908,0.8702336518,0.1010276934
0.2088520199,0.9195952183,0.1456684179
0.2291325357,0.9023524399,0.1769917404
0.1151291756,0.9976150156,0.1634423883
0.2285277007,0.8938311824,0.1352984884
0.2161166967,0.9577455779,0.1297709201
0.173607042,1.0134136241,0.0909477593
0.2911043657,0.8705777211,0.0980428701
0.2034153374,0.9757778184,0.1351381202
0.2879913588,0.8874062802,0.0781042055
0.2760182738,0.9305237785,0.0302618037
0.2235768133,0.987754259,0.0391748903
0.2157451567,0.9745458856,0.0975220402
0.2328452991,0.8401279557,0.1879530002
0.230391087,0.9579894856,0.1162434886
0.2770385379,0.7776888988,0.1599529395
0.2364934124,0.8793819985,0.1724615055
0.2463739816,0.8913202674,0.1252011121
0.2263660888,0.916691142,0.1091699499
0.2282223937,0.8827766552,0.1733234287
0.231895905,0.8814821742,0.0886996662
0.1899794916,0.9557224453,0.1746847332
0.2228072891,0.9412219274,0.1054064896
0.0788612772,0.998299463,0.1658085847
0.1894385697,1.0057224182,0.1488963513
0.2372599812,0.8885311292,0.1003682306
0.2693538645,0.8480079836,0.0607466699
0.2670947342,0.9287178649,0.0904224482
0.21522024,0.9893367045,0.0919472022
0.1714125101,0.9340104145,0.1084032848
0.0938565838,1.0430305169,0.1102507636
0.2558168405,0.9053028495,0.075847301
0.226956622,0.9612859085,0.1221447841
0.2783891856,0.9053343181,0.0852784614
0.2575030108,0.849523127,0.1081098883
0.2091083146,0.965879064,0.1438846228
0.2093183117,0.9435902236,0.1262407532
0.2466690643,0.8941739659,0.1277003066
0.3496366973,0.8683957401,0.0746735494
0.2268265998,0.9619538865,0.0774841051
0.2302876718,0.955192742,0.0861588694
0.2378732909,0.9692653047,0.1238033872
0.2734559689,0.8692055242,0.1374476496
0.2121248417,0.9559077937,0.1371705203
0.1883280656,0.9443402168,0.1693649528
0.2217799731,0.8299632156,0.1656390365
0.2250174424,0.9403767426,0.0907818548
0.2760041178,0.8165213129,0.1054236026
0.2115523023,0.9502169414,0.1320029419
0.2722721388,0.9009327951,0.0935708642
0.3191983004,0.7908697535,0.0902454274
0.2291536277,0.9039932345,0.1172464976
0.2478062074,0.8437215228,0.120533385
0.2314466301,0.8970076948,0.1240127892
0.2304581141,0.9573733074,0.0491791731
0.2513874446,0.8603066802,0.1168357328
0.2106594369,0.9588259472,0.0655942808
0.2552297948,0.9168428388,0.1241275876
0.22045185,0.9772136607,0.1169197236
0.2764799196,0.8800869414,0.0484733795
0.249161061,0.9577982254,0.1027125888
0.2775171549,0.8299923424,0.1379059351
0.215008846,0.9737276052,0.110246233
0.2834027133,0.9132751248,0.108836917
0.3063049689,0.8577094643,0.1250552655
0.2590764524,0.9036123583,0.0932935898
0.1667468178,0.9432638306,0.1521052
0.1764554816,0.9161390574,0.1771528984
0.2963868617,0.8509661946,0.1047685101
0.2298891738,0.9231480481,0.0771349258
0.2698513455,0.8551968938,0.1382441079
0.253984858,0.8771355688,0.1394675124
0.2320350257,0.8416162873,0.1698951926
0.3290034309,0.8714810328,0.0775983638
0.2114649495,0.9560491223,0.114407345
0.2545210981,0.8940281006,0.0964888633
0.2577988017,0.845648388,0.0380560649
0.2580497314,0.9403562622,0.0737113884
0.254890223,0.869952595,0.1006411157
0.3223167528,0.8570230583,0.1001969254
0.2031144367,0.8495465901,0.1325307863
0.2253676132,0.8209920688,0.1393660465
0.2345184128,0.8748888253,0.1649801726
0.2579840727,0.9517521692,0.1060148713
0.2374044193,0.9108646205,0.073612142
0.2969186245,0.8764444865,0.152895015
0.3179552776,0.8486883305,0.1217292227
0.2389409801,0.9481267511,0.0792553859
0.179790895,0.9294247522,0.073794167
0.2162073379,0.9551245715,0.1031391117
0.2311968018,0.8985338476,0.1232938784
0.2574876557,0.858224524,0.0967808059
0.2549661784,0.9060233674,0.1231247797
0.2463287566,0.9940902731,0.0447000072
0.1545329522,0.9466594374,0.1602291943
0.2290423041,0.9145933871,0.0970096456
0.2685353914,0.9279827446,0.1178843019
0.2329807852,0.8670412697,0.1061474961
0.2002716378,0.9444280557,0.1157926263
0.3091765589,0.8872828028,0.1323429586
0.1948935467,0.9361979205,0.1381580601
0.2016191893,0.9382900089,0.1265398458
0.2235203185,0.9663211276,0.0824262809
0.2694127282,0.8578023985,0.1324890245
0.2362662768,0.9293458388,0.1081289726
0.2144462286,0.9291064177,0.1255139448
0.2216836897,0.8941649834,0.1156303127
0.2447467945,0.9367398267,0.110922808
0.2050308255,1.0098079389,0.1257210814
0.326336314,0.8399273943,0.0985943322
0.1361681771,0.9146667186,0.1197114641
0.1775345613,1.0171845371,0.121480524
0.287422841,0.8223309281,0.1269970266
0.2623404009,0.90145892,0.0954152577
0.2469963607,0.9205263548,0.1235480578
0.2328864681,0.9135267697,0.0770383984
0.1858213921,1.0419245882,0.0987512844
0.222656249,0.9072230701,0.1257524628
0.1811062711,0.9137633731,0.1577621154
0.2381991749,0.7710872083,0.0813613799
0.2053473848,0.9353500489,0.0890737574
0.1426574984,0.9921019017,0.1124345203
0.2743864388,0.7493639841,0.0502449312
0.1516317158,0.9819408265,0.0854438317
0.1385135329,0.984437531,0.071772988
0.2909592053,0.8057129789,0.1138529238
0.2342287854,0.9138600468,0.1031231135
0.2004318811,0.8375302807,0.1495729644
0.1777174447,0.9616237036,0.086443072
0.200973828,0.8739238061,0.1176854252
0.1762571523,0.9352054454,0.0827553282
0.1447014109,0.9740021038,0.1025110284
0.3280402898,0.8485017325,0.0823181583
0.2618683409,0.8615117474,0.0897179417
0.2113872899,0.8375678658,0.1187717899
0.1924340569,0.8862687233,0.0902908854
0.1879203636,0.9436097907,0.1220689834
0.1864256836,0.9439739555,0.0918005973
0.1678248758,0.9408429824,0.0863549564
0.217531212,0.9471584804,0.0609022763
0.1428688326,0.9929339877,0.0874707474
0.1605745721,0.9813721497,0.0715898733
0.167856337,0.9797261456,0.1026527485
0.1753358755,0.976930516,0.1024894215
0.169120955,0.7053858404,0.2620350392
0.2249225783,0.8541814792,0.1353267764
0.2796580987,0.7346040061,0.1463786266
0.1880465952,0.7562893683,0.2526740913
0.3582355166,0.7801606472,0.0637438597
0.4298172877,0.6889780145,0.0951647582
0.2413772325,0.8986562507,0.0979629918
0.36784953,0.6930814078,0.1145173987
0.2046479293,0.8882819318,0.1116222668
0.1620542183,0.9641316202,0.1206738381
0.2288289254,0.8525478215,0.1281055176
0.3445224758,0.6424635885,0.1674313222
0.296443058,0.5676401377,0.27471197
0.2202859768,0.9502920552,0.0850776235
0.1997958878,0.8921196867,0.0838941319
0.2665360523,0.8520831978,0.0950402687
0.1897626461,0.9140305358,0.1376084386
0.2909278358,0.8379598568,0.1013751542
0.213077789,0.6888205041,0.2354886137
0.283768476,0.8247624811,0.0588332842
0.2410886453,0.8121617294,0.1041747583
0.1888216951,0.9653375326,0.0902579926
0.2050308452,0.9017606702,0.0841412362
0.205118015,0.7884594379,0.1363256887
0.1584836798,0.9874447403,0.1108685234
0.2180969286,0.8845031403,0.0918571141
0.2217352547,0.8548559241,0.1206263462
0.1824588557,0.9165558446,0.1127087543
0.2352753753,0.846616355,0.0662111518
0.1639190854,0.9537457601,0.0652563988
0.2084552922,0.8876835364,0.0735341453
0.1866814867,0.9021999965,0.1337236961
0.2355481014,0.8081325986,0.1175424752
0.2305697191,0.828354721,0.108797991
0.3750974383,0.7577322317,0.0847350295
0.30756483,0.8060747053,0.0732954035
0.2148557647,0.909586398,0.1251233431
0.1585053752,0.9342699272,0.1089906086
0.3583216376,0.8675920817,0.0854563977
0.2922825332,0.8299639293,0.0980954525
0.2150885992,0.9033414071,0.0776352066
0.232865204,0.867870848,0.1089805735
0.2359417141,0.851742932,0.0738917806
0.2435200662,0.9249589929,0.0804735316
0.2430297336,0.887304611,0.0998954755
0.1482066553,1.0041095362,0.0703082397
0.1709727166,0.926998078,0.1172902561
0.1562043999,0.9631590818,0.1136539903
0.226687322,0.8406103054,0.0976423947
0.1835483294,0.9086745394,0.1176199909
0.3155273319,0.821296307,0.08020922
0.1877599294,0.8796568705,0.1386241629
0.1712790426,0.9431360173,0.0910547787
0.2866584693,0.8212328917,0.1170695133
0.2045288681,0.8908402409,0.121149038
0.1979623308,0.7811991592,0.1562796618
0.2054217446,0.9092051043,0.0851620539
0.2694732656,0.8501078865,0.090512036
0.1941198388,0.9143908555,0.1157756524
0.1568162387,0.9681293514,0.092543792
0.1800338489,0.8338621238,0.1475351584
0.1712149641,0.8768026733,0.1238826302
0.2231257557,0.8931127716,0.096892022
0.228734505,0.9033159033,0.0895059622
0.2266812623,0.8477565434,0.1141204913
0.2509298009,0.8104631647,0.1085345307
0.2040783031,0.8713840842,0.1075058651
0.1960702212,0.8866742056,0.0584793636
0.2227747378,0.8255399506,0.0792663507
0.3299598441,0.817449102,0.0985358291
0.1920474981,0.8967600966,0.1136735565
0.2570512671,0.8757384312,0.1002290418
0.2222979936,0.8220973603,0.1565159338
0.1638428521,0.8754740355,0.156318425
0.3010294848,0.8187519964,0.0765929046
0.2017507131,0.877027734,0.094349948
0.2601041758,0.7756208873,0.1070760185
0.1725621481,0.9671224405,0.1251085944
0.209245371,0.8376901169,0.1526190939
0.1727220474,0.9216235372,0.1206042687
0.3510463671,0.8041548328,0.0957643366
0.3742450092,0.7479532459,0.0964411544
0.2758071393,0.820279614,0.1143608155
0.2426308885,0.9037698584,0.0733728147
0.2461508165,0.8349050481,0.1063161438
0.4025825652,0.678149194,0.0948456919
0.2223271718,0.8638135295,0.0965011452
0.2910906255,0.8805244851,0.0782617021
0.2539711748,0.8413213848,0.0909023654
0.2643000542,0.6950751035,0.181701844
0.1855759562,0.9505246597,0.0904349884
0.2066217844,0.9341312154,0.0959199636
0.1812006594,0.9457984607,0.059518596
0.3610066016,0.7705692787,0.0915212102
0.2452044224,0.7516737292,0.1437020782
0.2188110185,0.9339270247,0.0798603704
0.2252173086,0.8896132383,0.116323344
0.1743106722,0.9073855719,0.0991935959
0.245534001,0.883146254,0.0963081717
0.1743526568,0.9136567079,0.1181507065
0.2244434808,0.6708238087,0.2811734314
0.1661576944,0.8879136045,0.1010548108
0.3376183612,0.8088203354,0.0970254911
0.1793312971,0.8804538324,0.0683596286
0.3667105578,0.7071812579,0.1084981927
0.2081114266,0.91247745,0.0605688947
0.2622470092,0.6659031999,0.1929346428
0.4099535292,0.6876474107,0.1021067612
0.2064116154,0.8975732852,0.0827425377
0.2656228768,0.856915973,0.1116088246
0.1389816207,1.0202935837,0.1086170661
0.219874517,0.9118679521,0.100049171
0.214460678,0.8826890549,0.0925799463
0.2272082292,0.8334919862,0.157802207
0.224566539,0.8657162207,0.0697438508
0.2802631768,0.78946584,0.1067047327
0.3724850129,0.6959036515,0.093275429
0.2690235496,0.7444731959,0.0967409217
0.2903045391,0.8609263886,0.094080031
0.1970293847,0.9073755259,0.1138773992
0.2912489509,0.723839632,0.1057983374
0.2052806187,0.8412459473,0.1452379849
0.2106706913,0.9213393843,0.1210431903
0.2368985564,0.7457100358,0.1545772997
0.2715879806,0.7445796773,0.0845138263
0.2049524524,0.914482918,0.0635120178
0.3175617753,0.828357777,0.1140126553
0.2673112833,0.6924105159,0.192993098
0.1973155902,0.6818678433,0.2241464374
0.239254568,0.8172199414,0.1124554036
0.214743684,0.9045251808,0.1086208177
0.2425999787,0.6271463351,0.2355662017
0.184035468,0.8865944781,0.0885356018
0.2123662685,0.8895574105,0.1031110168
0.2056541086,0.913789931,0.0850991117
0.2336401563,0.9614672119,0.0993841524
0.2267832127,0.8435057995,0.1106508214
0.1808505612,0.9094105016,0.1296329707
0.2165015027,0.8627976939,0.0967661202
0.2385081303,0.8494927992,0.0809022667
0.2450039577,0.6876503698,0.1818554479
0.2139483689,0.8806494083,0.0898846659
0.2363745493,0.8893875304,0.0780402072
0.2154073947,0.8655550516,0.1127088686
0.2874751061,0.7679191024,0.0735139171
0.1944490124,0.6805722173,0.2832541514
0.2355546254,0.8699280919,0.1101394858
0.259155282,0.8426031529,0.1103120216
0.2757619118,0.8739500048,0.1269578917
0.2229634905,0.8319761051,0.0926817676
0.1987142239,0.888406161,0.0821783363
0.1588133386,0.9860091973,0.1107427489
0.3210277356,0.8219002006,0.0953845181
0.209343712,0.8899566456,0.100367852
0.2015043543,0.8276360827,0.1646498508
0.2468950707,0.8505303506,0.1019072782
0.1989817418,0.817893959,0.1489468487
0.1779546167,0.886149794,0.1645480042
0.1751202232,0.9493900796,0.0285383502
0.2462399685,0.8484220406,0.1026065208
0.2070693087,0.8086463686,0.1419412561
0.2397633921,0.8729371543,0.0971342656
0.2095773053,0.8218000366,0.1864381973
0.1687988391,0.9649764995,0.0824492552
0.2900489772,0.8532351269,0.0871944439
0.2196811789,0.9069668034,0.0659473512
0.2634232419,0.8045260802,0.1302066104
0.1460005655,0.9277839594,0.1228509087
0.2059480576,0.8457063091,0.0875611632
0.2182579658,0.944428547,0.0951499053
0.2448750296,0.7541655678,0.108384514
0.2017471749,0.7109090223,0.2292977509
0.1936751312,0.7976209191,0.1866654036
0.1318410437,1.0058787647,0.1331481798
0.1939914733,0.8902185094,0.1268107513
0.1380987834,1.0029090121,0.1447138753
0.2685544773,0.8253119256,0.0908773563
0.1984141256,0.8161762143,0.1153293393
0.2013316985,0.8790986666,0.0854150188
0.2137367328,0.8657680722,0.068935888
0.2686024468,0.7707933164,0.121930925
0.3518230427,0.7454240567,0.1228982646
0.194594155,0.8880063744,0.1369898208
0.1946333634,0.8875911464,0.1171733504
0.1869701215,0.674139277,0.2755665695
0.1729394295,0.7852777587,0.2195341343
0.3189616572,0.6120220832,0.1861813923
0.2037904574,0.901376594,0.1187689876
0.2337059741,0.9191918381,0.089248906
0.1296028135,0.9727311728,0.1566280034
0.3579146805,0.7259809927,0.0870864448
0.2083630164,0.8649943697,0.1013643445
0.2235838164,0.907414305,0.0970305238
0.2377824992,0.872834435,0.1415375072
0.2358855346,0.7491124273,0.1795961854
0.1923766735,0.8754784172,0.0593055281
0.2168468421,0.8570647094,0.1372998246
0.2671187059,0.732707023,0.2294629006
0.1644184398,0.9131660483,0.1115366691
0.2494907292,0.8072244807,0.0947680918
0.2238334118,0.865724124,0.0908162266
0.3457785349,0.6787400061,0.117338695
0.3578812568,0.78603118,0.093639553
0.2801363294,0.7718155051,0.1516084299
0.2124486503,0.8993707719,0.1176466402
0.1891014129,0.932308161,0.0886958225
0.3175553609,0.7503712028,0.1236625785
0.2685785933,0.7370959202,0.1229828427
0.1790866191,0.8997324584,0.0798736105
0.2920928648,0.7440020627,0.1228113333
0.2233898016,0.8396008548,0.0995020118
0.20941243,0.8665879467,0.1340319636
0.2153653964,0.8252549701,0.1464721793
0.1919009477,0.8924030687,0.0927642908
0.1663409142,0.8516632915,0.1910255688
0.2131812178,0.7336895706,0.1960160553
0.1919756988,0.9274464004,0.0804604316
0.3078727932,0.5372107633,0.264391863
0.1536274685,0.965920211,0.1040401775
0.150308478,0.9951216929,0.1016335801
0.2368156749,0.8088511868,0.1042346587
0.2035202386,0.8777173097,0.1069120751
0.2822765291,0.7956715087,0.1196267681
0.2014959082,0.9226546377,0.1002268777
0.2144933606,0.8827021453,0.1167380609
0.2523126072,0.8769703501,0.0992770656
0.1518704492,1.0249067021,0.1048673595
0.3262120159,0.7845824937,0.0723496397
0.4106848385,0.7057439178,0.0851067649
0.2455680528,0.8392568163,0.0742820455
0.2153117638,0.9204310487,0.1274260213
0.168356543,0.9286754639,0.1340616732
0.3455548861,0.7201730591,0.1001254349
0.130501932,0.9957852785,0.1379885926
0.1999498254,0.6235861555,0.3129498888
0.3068590585,0.368200093,0.4225786857
0.1795602729,0.8793732539,0.1606402131
0.1926297366,0.9660881242,0.0827548502
0.2299782117,0.8587397568,0.1468500499
0.1673817791,0.6138453475,0.3776378805
0.2125085114,0.8609340553,0.1071180149
0.1943384097,0.9678560836,0.0740177075
0.2173814705,0.9124155301,0.0917647537
0.2173749208,0.6888631131,0.2517822435
0.1856199601,0.9377954941,0.1272592727
0.2454318186,0.8905026588,0.0990003274
0.3291089697,0.7864265247,0.0868987759
0.2282310166,0.8685477606,0.1001883795
0.2468830633,0.8230080385,0.1182438301
0.2574663682,0.6424874124,0.187792569
0.1813812012,0.9550145424,0.1164443786
0.2561073017,0.7897486076,0.149497188
0.1802782725,0.938007095,0.0686504591
0.2238904946,0.8365684857,0.0658892704
0.1723763831,0.948906527,0.1089854214
0.2910822871,0.8175306583,0.0982524274
0.180735308,0.9498799191,0.1007816743
0.2133424945,0.7763714581,0.2107925576
0.1889465825,0.8833624474,0.1053301749
0.2073756368,0.7013368697,0.26698767
0.189227874,0.922508039,0.0828860836
0.1733400042,0.9079613495,0.0695408644
0.1994590051,0.9149863427,0.0748039102
0.1889417397,0.7818940498,0.1397180927
0.2002678324,0.595855507,0.3575802971
0.2432430994,0.5964606039,0.3011159816
0.2209859641,0.8745296892,0.1511907663
0.1897653954,0.8832550494,0.0929060953
0.2246178265,0.8775737613,0.0685877566
0.2066365033,0.6290551414,0.3611895493
0.2655509787,0.8740240712,0.1413612841
0.1921336149,0.8950976906,0.1294308007
0.2208461292,0.8218353596,0.1326931887
0.2182487044,0.9461008057,0.0491866938
0.164042511,0.9685799963,0.1058943375
0.2199461804,0.9178457868,0.1030659036
0.2227510489,0.8501213061,0.1224657666
0.2479839111,0.8690090391,0.1157001675
0.2404635004,0.8290029857,0.1624004065
0.2657401941,0.8652857789,0.1073960151
0.1322511348,1.0110938476,0.0767176502
0.1723296475,0.9630446559,0.0711299886
0.1789348498,0.9520059835,0.1046156789
0.4171274675,0.7438790195,0.0779104819
0.1753351417,0.9017532515,0.1523419651
0.1926186424,0.9034807565,0.1183007681
0.2431446737,0.8145987978,0.1218722281
0.2466830568,0.8755165949,0.1133301925
0.185480958,0.9544380936,0.1327221476
0.2009017224,0.8858933393,0.1029916809
0.282599931,0.7723310006,0.1178501692
0.1996723702,0.8683356054,0.1136571056
0.2139992039,0.8383388134,0.065456092
0.2005699921,0.905593099,0.0911775449
0.1755806431,0.9722245081,0.0790287104
0.2444167884,0.8459372241,0.118675177
0.1729573754,0.8591480375,0.1092734418
0.1606955048,0.990835062,0.1043423056
0.2740450544,0.7348673339,0.154925582
0.1815540401,0.9615530135,0.1207959626
0.4101025269,0.6831319664,0.1431016822
0.1987974452,0.9366406452,0.0922502506
0.200349481,0.9316440344,0.1088169125
0.1931219582,0.9218914231,0.1017496202
0.2788356748,0.830231348,0.0289246739
0.1566127789,0.972148893,0.0750470432
0.2229508121,0.8564593359,0.0567679617
0.2571296268,0.8047546889,0.117770003
0.203770686,0.9412047531,0.1033394047
0.218191642,0.87356065,0.12368696
0.185894855,0.9025729606,0.1107682959
0.2788947562,0.7477954426,0.0571655328
0.1809405998,0.9166014554,0.1110630561
0.3127712415,0.7500229509,0.0948302087
0.202439933,0.877812442,0.0574267818
0.3255037029,0.7977030207,0.1506285105
0.2187347151,0.8410176156,0.0527456408
0.2306916285,0.7601180479,0.1382086366
0.1884780909,0.900662912,0.058667957
0.2141342536,0.7562004779,0.1925375469
0.2567178636,0.8146013139,0.1154002662
0.3434548203,0.7725644093,0.0921070568
0.23411386,0.8580681503,0.098718404
0.2965818574,0.7391259435,0.1516837179
0.2063899645,0.9007900359,0.0345263272
0.2691643843,0.8703579668,0.0860575633
0.3115134196,0.8378153916,0.0830336375
0.1688945828,0.9464473131,0.0863346559
0.1540350382,0.9740849037,0.1014974379
0.1938241374,0.8372920516,0.1096617829
0.2176041071,0.8578139905,0.1066357736
0.2844060767,0.8321434141,0.1206052227
0.2347114811,0.9184057771,0.1109317785
0.2011117726,0.8705960425,0.1609635564
0.1999414204,0.9459113727,0.0916995347
0.2005393706,0.9296136819,0.0420296301
0.2210634398,0.9082116217,0.0939340814
0.2416953646,0.4798299676,0.3909930197
0.315578127,0.5988657025,0.218348384
0.194930965,0.8926716661,0.1106633813
0.244565572,0.7825340979,0.1157983426
0.1786647547,0.9677449885,0.09649681
0.2118628718,0.8939146275,0.0909279279
0.3045698537,0.8249554422,0.0928018394
0.1861251647,0.9170547783,0.0841940991
0.1921408955,0.7532382737,0.2065569107
0.2518048033,0.8287437699,0.1428006819
0.3204041858,0.8101519507,0.1245307225
0.2369792704,0.7289958823,0.234378606
0.1353606641,0.9796126358,0.0871352827
0.3020900468,0.8498216129,0.0935528629
0.2278576122,0.6823763084,0.2776639167
0.3281111691,0.8081188848,0.0672551011
0.1639746193,0.9468380995,0.1308455195
0.2347479306,0.8368915627,0.0994530036
0.2742995964,0.5805518876,0.2758691878
0.1905109794,0.8368673547,0.0990995208
0.1912855442,0.8931329757,0.0735449699
0.193649473,0.9261790835,0.1092022233
0.1840449665,0.926378333,0.0938040125
0.222845915,0.9615109772,0.1177902937
0.3521334385,0.7458630981,0.1193537556
0.2346476185,0.904416379,0.0877503598
0.1433580958,1.0052258449,0.0953967388
0.1640155963,0.9434868362,0.118797924
0.2825974441,0.6754406532,0.1045392155
0.2367672808,0.8727737386,0.1075499444
0.1467065959,0.9706073556,0.1023063891
0.1762090971,0.9269669729,0.1237308536
0.1969260246,0.8876637289,0.0722974286
0.2274911549,0.8404608246,0.070742833
0.2034940317,0.8884768045,0.0941772119
0.2315783869,0.8845622028,0.0940321017
0.1776971185,0.9338552803,0.0735263452
0.3410632058,0.770951306,0.0994900919
0.2239670478,0.9020355079,0.114294619
0.1624259484,0.8734977623,0.1709457108
0.1725846431,0.9560582164,0.1459013287
0.2833523844,0.8729583571,0.0818872648
0.1677594617,0.9556691419,0.147638329
0.1531468428,0.9370146202,0.1725268642
0.2302667007,0.8890331482,0.0747010983
0.223305221,0.8307948749,0.0623859573
0.2584344587,0.8441755265,0.0905754963
0.2127712165,0.8096093496,0.0901816495
0.2352581393,0.8310818978,0.0857062956
0.2672441813,0.5224182239,0.3223891367
0.1582252181,0.8999359298,0.1423488108
0.2111353935,0.7810155384,0.1151840157
0.188177171,0.9242587728,0.1093013929
0.1965258344,0.8696383109,0.1172477444
0.3000345634,0.8031466837,0.1142005415
0.1805353686,0.8999165434,0.0995084587
0.1856319291,0.8882388012,0.0629524715
0.1489888636,0.9980670481,0.0585862561
0.2543250357,0.8040577519,0.0978104163
0.1703432823,0.9147253811,0.0766453825
0.1657104278,0.9340349538,0.0711649298
0.1740389869,0.9738261328,0.0545679254
0.1739500839,0.936558025,0.153452983
0.3194607862,0.7501156955,0.1083612303
0.2461422561,0.8255484877,0.056316546
0.1970992203,0.9271590948,0.098956012
0.1532005404,0.9156139811,0.1388517703
0.2688630714,0.8355357986,0.0793814742
0.2281689026,0.9304175257,0.1186532921
0.2446613899,0.9040957359,0.0668868007
0.2233264408,0.8879109363,0.1961260906
0.2238904513,0.9358894746,0.0870493728
0.147191292,0.9453119569,0.0900360514
0.1336789247,0.9541585427,0.1235091516
0.3071034601,0.8215984708,0.0579782557
0.3122121942,0.8085096696,0.1215542207
0.1961477152,0.8866398188,0.161634491
0.2262509901,0.8876312979,0.1162229329
0.3120974391,0.7755339627,0.1448401472
0.2761486069,0.8479553219,0.1084686665
0.2811501279,0.7395220535,0.1312890059
0.2165452574,0.8554078721,0.1986359976
0.2528444654,0.8612090706,0.0742363813
0.2233289336,0.9094757958,0.1230187815
0.2522853323,0.8294762705,0.1486660177
0.2741949643,0.8841895812,0.0969022396
0.2302231974,0.8841966161,0.0964702948
0.1430909826,0.9809316225,0.1613206716
0.3016035989,0.7656976184,0.1635927744
0.2804466006,0.7682156095,0.1446638979
0.1989812792,0.8654424712,0.1230034766
0.1295440514,0.9823477484,0.1038700453
0.2504786168,0.9217040494,0.078453573
0.2268979057,0.9241333037,0.1049078852
0.2657303857,0.8298064103,0.1528874511
0.1923437547,0.9340075626,0.1735490691
0.2465590719,0.9595920121,0.0369040141
0.256317775,0.8831599483,0.1220216406
0.2454436618,0.8517298954,0.1747896153
0.2618403587,0.9044626745,0.0797863587
0.3072631193,0.7972224002,0.0877087804
0.2248796297,0.9327839743,0.1314394259
0.240638193,0.8876410157,0.0952223125
0.2697094843,0.8248001671,0.1294219116
0.2728381352,0.858867662,0.0721442877
0.1795899859,0.9228546346,0.0704099924
0.1487085262,0.9240276068,0.122998425
0.278559248,0.7893085376,0.0729689283
0.2338684312,0.8596837769,0.1287314706
0.263096998,0.8694015685,0.063477455
0.2144556347,0.908715453,0.0699541999
0.1576406507,0.9427439289,0.0843028707
0.144865396,0.9639215831,0.0813719338
0.1957240388,0.9418975463,0.1499650899
0.2498376323,0.9004548478,0.0939235908
0.1564705566,0.9040422391,0.0513547601
0.2553656447,0.8324459082,0.1232652428
0.2769813067,0.8302836628,0.0682283112
0.2640549145,0.7573520897,0.1707838781
0.2639416549,0.8364074093,0.1093633164
0.2787735922,0.8702766743,0.0823661292
0.2467721623,0.915384845,0.1085573143
0.0843922658,1.0667904232,0.1088379024
0.3521745202,0.7237738017,0.1616547845
0.2378521732,0.8849610988,0.0649702012
0.3000291452,0.7759957212,0.1360890679
0.3333533491,0.9044803918,0.132715704
0.2451611315,0.8496700857,0.1054788863
0.2299497361,0.8926509552,0.0879095067
0.2587425912,0.8138911146,0.1247006923
0.2931205304,0.7855749105,0.0850776694
0.1609767789,0.9984693407,0.1602494388
0.1676095163,0.9111502191,0.0767039329
0.2970820748,0.8748393039,0.0996013368
0.3579512676,0.7698241911,0.1427168262
0.2802976304,0.8481162964,0.1061824047
0.2370002896,0.8231603318,0.2013192549
0.3206577695,0.7500790147,0.127386241
0.3252344354,0.6006530976,0.254975575
0.2606423374,0.8657840622,0.0596295277
0.2252070505,0.8839691708,0.1656042866
0.3656598915,0.5883613818,0.1766928469
0.1992288939,0.8575797305,0.1740951849
0.288721938,0.7868611067,0.1485663954
0.1905321876,0.9753521392,0.0883652765
0.2848234479,0.8536152657,0.1316277847
0.1806001868,0.946980233,0.1471421174
0.2136847818,0.9034199211,0.105838844
0.280011784,0.7250003,0.1853798451
0.2743925747,0.8345757568,0.1530053241
0.1859164488,0.905047339,0.1273187225
0.2870777482,0.8364968796,0.1123492432
0.3415394751,0.8168253556,0.1221397929
0.1244417213,0.9939640311,0.0891967072
0.3648635685,0.7882837251,0.0930449494
0.2203056304,0.8826289203,0.114446896
0.2785280952,0.7868594126,0.1028039413
0.2394347973,0.9077799298,0.1554992302
0.2179361652,0.9035372419,0.1284449892
0.2818506207,0.8659380756,0.1078870621
0.1807976436,1.0145685965,0.0878423468
0.2432662683,0.8681963675,0.0960473552
0.195507532,0.8918884232,0.1116872363
0.7177724219,0.2871679372,0.2237981013
0.2812801573,0.8227279997,0.0623374215
0.2736851424,0.8281319493,0.0596747482
0.2299688068,0.9147331229,0.1458226403
0.1581429216,0.9705720361,0.1385454234
0.1102529565,1.0303072633,0.1540096072
0.7393993394,0.3085048351,0.2453444068
0.1837830834,0.8962234694,0.1012972944
0.1998400268,0.9833322134,0.1192477632
0.2640172402,0.8255835505,0.1401526376
0.2840218296,0.8221402822,0.1552812138
0.2778468822,0.9802728467,0.0718949808
0.1206836771,0.9443420004,0.0348731851
0.0942824656,0.9927536008,0.162674458
0.2417844981,0.8538325802,0.1274815256
0.203127774,0.951299024,0.1268659182
0.29813452,0.9368951297,0.0847465158
0.1975542957,0.8023198262,0.1652285247
0.1158261422,0.9405356712,0.1399291662
0.2309821798,0.8739972029,0.1139042845
0.2540002162,0.8829855835,0.0892117372
0.2750922474,0.8510961134,0.1481736005
0.2506430026,0.8295957026,0.073476774
0.1919684839,0.906559589,0.0802659792
0.2820963961,0.8541081988,0.0917885445
0.2177249264,0.8043821569,0.1210578677
0.2810528897,0.8653929965,0.1505769347
0.1044726487,1.034470711,0.1317518742
0.2697335088,0.850920908,0.0935274068
0.2393410915,0.8945415121,0.1357521929
0.1924343508,0.9106465321,0.1225805052
0.2199070917,0.8768756443,0.127919929
0.1982053063,0.9590223416,0.0460710143
0.2468533145,0.8783404996,0.1170839393
0.1509598875,0.8875487594,0.0886419444
0.2124314682,0.9113715031,0.1243655883
0.147005777,0.9621381772,0.079834055
0.2263346567,0.9102864915,0.0947870148
0.1611436492,0.8363884681,0.2149373187
0.1228869778,1.0092726641,0.0667869463
0.2289274938,0.935565905,0.0898446545
0.1508212778,0.8886879327,0.1278679243
0.2179409816,0.8779761786,0.1438107049
0.2643075223,0.8028937854,0.0803987021
0.1671807514,0.8856218157,0.0924052412
0.2261819797,0.887033478,0.1586604022
0.1655846764,0.9301503188,0.0981513813
0.254687084,0.8257395064,0.1632605614
0.2400343194,0.9371663187,0.131826469
0.1760579153,0.9586605121,0.0559978919
0.263197269,0.8765833894,0.1132606561
0.2061093588,0.9008798086,0.1068035483
0.2976350288,0.8175278786,0.0516922712
0.2760182738,0.9305237785,0.0302618037
0.2264865641,0.9404655431,0.0443848919
0.2956047949,0.8398485628,0.1014272296
0.1497735632,0.9077257839,0.1693392087
0.3004012557,0.8512622958,0.1123336362
0.3132456079,0.7058503758,0.1526778369
0.2736428786,0.8070420063,0.1760565793
0.2296367318,0.8925026999,0.11344544
0.3114320267,0.7616492363,0.1256706651
0.2363551501,0.8414639205,0.1377181406
0.2903910494,0.7732664933,0.0787843135
0.1562343292,0.9313018579,0.1595367464
0.214436166,0.9069591418,0.071632722
0.0715510461,1.0087671207,0.1463669159
0.1994806151,0.9519793342,0.184513656
0.2514853669,0.8773941493,0.0663315889
0.1812742563,0.8312938499,0.0600156485
0.3887621844,0.846495794,0.0942355166
0.1542064133,1.0002943437,0.107054257
0.2033240817,0.8372556762,0.0716189682
0.1077414149,1.0441017429,0.1066217711
0.167036365,0.967722735,0.0854911228
0.240033625,0.9346892804,0.1124460514
0.215654888,0.9557900974,0.0943851967
0.2982573961,0.8141931929,0.0904761973
0.1510237631,0.9597578845,0.2323088911
0.2693577603,0.855022934,0.1195607715
0.2000652694,0.919053157,0.1194078636
0.2909424449,0.8614471513,0.0508670202
0.2228921043,0.9198290667,0.0674929942
0.2307501434,0.9344743128,0.0808180614
0.2065900711,0.982133627,0.1455634134
0.2676286905,0.8844676392,0.1284149932
0.2358567241,0.9060507732,0.1363891373
0.1996265713,0.9449925564,0.1423519971
0.1899720573,0.4712077961,0.4804947824
0.1875289673,0.9909139054,0.0989626841
0.2763454244,0.8254741516,0.1050872596
0.2613755737,0.9149683303,0.0615834873
0.2312304983,0.8983569233,0.0893982317
0.2733426725,0.8118194588,0.0975880992
0.1430650495,0.9793587502,0.1235889996
0.2184087002,0.8645932773,0.1063938231
0.1982728197,0.9333307556,0.1124945636
0.1813908846,0.9480536975,0.0890517104
0.2155551847,0.8144988008,0.1138813322
0.1971268612,0.938661696,0.09264661
0.226948978,0.9205569174,0.1312541768
0.2437664152,0.9037283552,0.0673240529
0.3359706741,0.6799133552,0.1322377848
0.350120567,0.8811462558,0.1357372442
0.232454229,0.8263537765,0.1467710953
0.1179078425,1.0452079022,0.0939672961
0.2016152289,0.9237653481,0.1164972068
0.3016390288,0.8141671066,0.0884053959
0.2631567511,0.875369722,0.0999123169
0.1592679473,0.925888244,0.071644104
0.1838566472,0.9536251133,0.0996483331
0.2975643041,0.8461524046,0.1149261784
0.2008732565,0.9347777394,0.0676021271
0.2698513455,0.8551968938,0.1382441079
0.2370498771,0.8816130847,0.1192131822
0.0916818457,0.9084032478,0.1735763057
0.328022566,0.8571679897,0.0439284229
0.2332670633,0.8827984015,0.0770050369
0.2567938791,0.9136773811,0.0827023382
0.2504592074,0.8622432189,0.0364657446
0.2585963654,0.9059031191,0.0704117503
0.2401692153,0.8808009053,0.0940040384
0.2565291016,0.8819495233,0.0798783443
0.2031144367,0.8495465901,0.1325307863
0.3089390093,0.6752491014,0.2042744865
0.1918628245,0.8516462004,0.2060690855
0.2185504058,0.8984801025,0.1009775144
0.2048826014,0.900032558,0.0914212084
0.3120849456,0.837259594,0.1311337513
0.281290718,0.8791691871,0.1386731505
0.2031189031,0.884563635,0.0357422172
0.2355977825,0.8484870012,0.0696152646
0.1795491161,0.938425899,0.0836542245
0.1869426097,0.8772461832,0.1255245504
0.2671969375,0.847812891,0.1386379104
0.2491617417,0.8792263518,0.1297609194
0.2537416912,0.9792814673,0.0812039597
0.2175087215,0.8757818616,0.1152200391
0.277374549,0.5827740851,0.3342747609
0.231440923,0.9698469964,0.111632566
0.2727982211,0.8135583127,0.1641542026
0.245953863,0.9285296387,0.0744834035
0.2661071798,0.8597724414,0.1263269613
0.1744776559,0.9360360684,0.1221147287
0.2032652412,0.9458869816,0.1014353889
0.3728262251,0.7830985019,0.0663380903
0.2861047568,0.8193987618,0.1095894058
0.2142641808,0.9297663469,0.1070161905
0.2055494871,0.907831733,0.1159325456
0.2188095807,0.8720208942,0.1482646468
0.1978562017,0.9472496865,0.1120395202
0.1191626558,1.0640552131,0.1281819503
0.2633993172,0.8672169273,0.0962688186
0.1116698057,0.9505803918,0.1205869794
0.1804364024,0.9744217199,0.125933163
0.2960454792,0.7855092954,0.1228315327
0.2549330976,0.9060086182,0.1115200746
0.2441082898,0.9131871733,0.1027865696
0.1979309051,0.9410761883,0.0789145192
0.2190344158,0.9087757905,0.1070178506
0.2080631152,0.8675672936,0.1292142378
0.1811062711,0.9137633731,0.1577621154
0.2774102685,0.8220296787,0.1629901278
0.2690247659,0.8340944879,0.1098748582
0.2598498395,0.904579863,0.1070163075
0.2225240811,0.9272315193,0.0728778653
0.3247214874,0.8481275272,0.1169895644
0.0764596921,1.0922464799,0.0696419478
0.2490706342,0.8875746124,0.0778248467
0.2260236581,0.9067853397,0.0636217767
0.1483246136,1.0065625211,0.1063385554
0.2082817332,0.967213141,0.086828065
0.1692417214,0.9778048144,0.0822179904
0.180152202,0.9771349613,0.0922677789
0.1242874176,0.9813537139,0.0748584733
0.3446152827,0.8417231263,0.0841790036
0.3727390635,0.7926082912,0.1041442584
0.2517416954,0.8391720921,0.1273777307
0.2706844715,0.8554639111,0.1131045767
0.2036704146,0.9277409468,0.1369761674
0.2464629162,0.9386267899,0.0674877019
0.1927052299,0.9380826534,0.0805946247
0.2734648724,0.9095845327,0.0994657953
0.1172769357,1.03209643,0.1101326925
0.1648777749,0.9970519916,0.0870471015
0.218227541,0.9492845674,0.1051476589
0.1580866461,1.0100665693,0.0851685826
0.1856213945,0.9607104599,0.1854418225
0.3567175175,0.8221006549,0.0638207598
0.2857223753,0.8457542235,0.1018576909
0.3819347192,0.7559304579,0.1530478767
0.3686163946,0.788038756,0.1356700865
0.2042577704,0.9618141637,0.09146016
0.3250051591,0.8708133905,0.0931235847
0.2707572935,0.8609959065,0.1147035269
0.1757393339,0.947867452,0.1331856936
0.262423656,0.8987960487,0.1202936548
0.2791043299,0.9171196568,0.0740392824
0.179926818,0.9201580978,0.1203108721
0.239261425,0.7308843682,0.2311093189
0.1272039812,1.0740483758,0.0897111296
0.2177704351,0.9441225475,0.0622949677
0.2134786096,0.9494043806,0.1091519076
0.2093160109,0.8735375123,0.1503484749
0.2606954434,0.8999948968,0.0933089478
0.1583031681,1.0308128106,0.0828202716
0.2927276847,0.8029377366,0.0659179494
0.3012586347,0.8272696044,0.0932551193
0.2059737528,0.9545174443,0.0907591237
0.241298679,0.8560368561,0.1366067382
0.1782808715,0.9976557264,0.114646539
0.1330300254,0.9981998415,0.1257760014
0.187559339,0.9676311389,0.0979827471
0.1764165522,0.9977983925,0.1066730119
0.1474824238,0.9322591881,0.1662410677
0.1545287129,0.9813420286,0.0827860205
0.1880154406,0.9350909061,0.0495097108
0.1579622621,1.0047009843,0.1036786423
0.3750856425,0.7552929853,0.1274020424
0.2395913899,0.8655834887,0.1205614322
0.1298782386,1.065835875,0.0723046664
0.1838588158,1.0074005069,0.0765040702
0.3365390744,0.8253915796,0.095264791
0.192655058,0.9618225873,0.1250951412
0.1948301795,0.9301287259,0.1192222487
0.3188008107,0.8270865189,0.0919172339
0.3306192506,0.8363778704,0.0896170036
0.1808821402,0.986554963,0.0858418632
0.3529210576,0.8016394821,0.1054985128
0.1394759038,0.9527335561,0.0963662121
0.2397013992,0.9497694403,0.1086334514
0.2956340203,0.8887874532,0.0890108551
0.1382783152,1.0206314585,0.1320591447
0.1572937873,0.9334951463,0.1395777822
0.1463279595,0.9653835681,0.1047660499
0.2740981462,0.8959087284,0.1083269325
0.1634974184,0.9422551097,0.1456481855
0.2286820303,0.9524588773,0.0670207522
0.1825956656,0.9418820985,0.0986104926
0.1282075847,1.0219718589,0.0880874288
0.309728333,0.8166050535,0.130691063
0.2494714908,0.9866373191,0.086538571
0.2279790541,0.8676265048,0.1497012521
0.270301859,0.9177152424,0.0735703599
0.240239885,0.8905607965,0.1079856497
0.2604944233,0.9139743694,0.1225589563
0.1513696429,1.026123998,0.1084563899
0.2728856279,0.841616949,0.134161526
0.1873868161,0.9304159247,0.162772186
0.2383256317,0.9433306517,0.1259034118
0.2678323881,0.9322058364,0.0875586874
0.2765444724,0.8162817764,0.147906259
0.2558212597,0.8411596825,0.1034897097
0.1706164918,0.9294952401,0.1250102425
0.2281580402,0.8866558666,0.0753221809
0.2218008151,0.8715506435,0.1052058208
0.2689796473,0.8494351354,0.0789274362
0.192308506,0.975652986,0.0938912854
0.2905948912,0.8772669317,0.1010735682
0.2718941978,0.8203445438,0.0814686629
0.1743059414,0.9760019096,0.1419632244
0.224459874,0.9349011857,0.0843644208
0.1463489914,0.9078933912,0.1185525188
0.1773594961,0.9297348352,0.1451480196
0.1583877882,1.0365297191,0.1091489874
0.293763089,0.8570457466,0.1276417044
0.124556766,1.0240150679,0.1254454059
0.3496505319,0.8216418211,0.0998395805
0.2363453492,0.8910712446,0.1366413875
0.204882327,0.9254215449,0.1344185066
0.2681405577,0.9012777933,0.118280531
0.1749382187,0.9530692175,0.0998958364
0.3645061821,0.7768251797,0.092978363
0.189088874,0.9390568669,0.0732047018
0.1499698158,1.0255850095,0.0935158487
0.2664700606,0.8741665108,0.1339643267
0.3230857676,0.7824331019,0.0601557448
0.2248332299,0.9412446814,0.136476606
0.2442862027,0.9245964993,0.1078018107
0.2119478185,0.9583947816,0.064350948
0.2866497655,0.8533573654,0.1024014801
0.2307218821,0.8129156773,0.1645529064
0.3019256284,0.8890378923,0.0719172721
NA,0.8522527602,0.129833073
0.2837074968,0.8398063083,0.066879247
0.2476332595,0.8843117641,0.1149348193
0.1749790376,1.0080930087,0.0661909968
0.1147489856,0.9988665352,0.1020403931
0.1568032482,0.9488715843,0.0983513775
0.3051479129,0.8597721828,0.0984243351
0.2771521917,0.8320053017,0.106601065
0.3534677102,0.7785661676,0.0782319371
0.1804267775,0.9538615402,0.0805851477
0.2476045513,0.8659277991,0.1384218435
0.212057483,0.8987632226,0.1068471607
0.3116470541,0.8454857352,0.0933954103
0.271173553,0.8961781118,0.0957981829
0.1883991127,0.9766826377,0.0373096544
0.2444224571,0.8999674249,0.1048699629
0.1878658444,0.9369233029,0.1026592016
0.1325641952,1.0130143423,0.1235375601
0.2396434174,0.8398438199,0.1152009548
0.2938794208,0.7825246089,0.0996333103
0.2544718825,0.7931171857,0.1399595304
0.2393884442,0.8908556402,0.072641952
0.2802313587,0.8390888875,0.1135535689
0.2843456676,0.8863391415,0.1360627101
0.3142215746,0.7997693413,0.1001508111
0.2230696389,0.8741958414,0.0978590737
0.2493493559,0.8960451006,0.07550591
0.3499323729,0.7978797559,0.0895955932
0.275387955,0.8366791129,0.0722122068
0.2692076971,0.8617218595,0.0727157676
0.2082361971,0.9559244751,0.1049234436
0.276834796,0.8532259095,0.1041244273
0.2386932333,0.8044492823,0.1734829905
0.2650793944,0.8792835689,0.1295219438
0.2840378611,0.8496186562,0.1248150687
0.2328902003,0.9010613831,0.062629668
0.1422468847,0.9575860099,0.112423249
0.1680525334,0.8820101008,0.1870706936
0.2499821416,0.9762571426,0.0858527674
0.223509637,0.9409694984,0.0641438914
0.2114989852,0.9432826765,0.1477063039
0.1172468284,0.9702691305,0.1290596086
0.2936292235,0.877714274,0.1325770006
0.2265310444,0.8800036859,0.0850095544
0.316934749,0.7928982692,0.0759251001
0.2308067241,0.9354320175,0.0601573935
0.3064018794,0.8372062913,0.0442209673
0.2090792953,0.8839474915,0.1287388768
0.2375785067,0.8819024204,0.0939069069
0.1726794119,0.9727664671,0.1137379285
0.247782025,0.8525925629,0.0772596534
0.2890090983,0.8902648541,0.1132260207
0.2809115572,0.9276283601,0.1033800718
0.2769892112,0.8958673832,0.0982072337
0.1856374491,0.9370947829,0.103548503
0.2512900629,0.9425965361,0.0741212894
0.3056644448,0.8461732586,0.1155566838
0.1681678714,0.9821042469,0.1054628689
0.1300342531,0.937509356,0.1889392636
0.1949124836,0.9470303252,0.1193869473
0.1822482829,0.9875978254,0.1279559564
0.163450659,1.0137407713,0.0586478254
0.1691068467,0.997795655,0.1159886434
0.2978537669,0.8667526829,0.0858393112
0.225813092,0.7782117218,0.1753877109
0.2001307597,0.8351084979,0.173632395
0.2373050933,0.9374086214,0.1500910314
0.2270141548,0.8683357299,0.1058786366
0.2872756849,0.8477530963,0.1383220451
0.1492589743,1.0377361566,0.0727225288
0.3556694507,0.8108475844,0.1482317482
0.2563233876,0.9241866164,0.1411828523
0.1522570124,0.9647370759,0.104085824
0.257428752,0.9028046283,0.0987739879
0.2880055076,0.8595825415,0.1140508176
0.1431111677,1.0304713312,0.0897690749
0.2158576824,0.9427792336,0.1264027787
0.0847345567,1.0939459371,0.1372033488
0.2516672668,0.8199371626,0.1719501661
0.1483598618,0.9558655828,0.1423585305
0.2235038338,0.9392351501,0.1146303499
0.1472243273,0.9359691777,0.118592531
0.1457224906,0.9717018982,0.1394488041
0.2781870965,0.8018581018,0.177803912
0.2223205421,0.866346524,0.1582429564
0.2856044359,0.8344328797,0.1097229505
0.1635754874,0.9248123022,0.1525259655
0.2645775796,0.8954614535,0.1186535094
0.1548681337,0.9822530595,0.0851383634
0.257065703,0.9185436645,0.0891345224
0.2697560935,0.8159610475,0.1074666285
0.2243519131,0.931590239,0.1163155325
0.2051779914,0.9570736746,0.0857637035
0.0828253885,1.0275408239,0.2055514456
0.3287007068,0.759130904,0.1106918842
0.24934865,0.811905838,0.1184178176
0.2181421517,0.9474417289,0.1030291131
0.263720589,0.8299136694,0.117613408
0.1841637771,0.926499152,0.1144151086
0.2197076518,0.8864559963,0.1083897317
0.2520101032,0.8716112107,0.1398973578
0.3259796329,0.8651165043,0.0921096364
0.1742783612,0.9335301687,0.0955294411
0.3449893214,0.7948800214,0.0719948549
0.22519848,0.9103813501,0.0544869961
0.1824238674,0.983086582,0.0785347717
0.2768767774,0.9334751571,0.1116517175
0.1959086573,0.899807572,0.0978943255
0.1631937563,0.97299401,0.1170711477
0.3135618478,0.8249647502,0.0785674797
0.2228304546,0.9190450871,0.0923641011
0.1766036087,0.9309061996,0.1296513287
0.3121262451,0.8411419179,0.0673853529
0.2937147345,0.8356473644,0.1325059359
0.3500371668,0.6993566859,0.1119758381
0.2736853155,0.912611204,0.0859853285
0.1947358622,0.8738129101,0.0685937867
0.2957563858,0.8936209476,0.0609034298
0.2070568046,0.9818759608,0.085795568
0.2996694321,0.9105170583,0.0963110522
0.2306959641,0.8694109203,0.1070186691
0.346666345,0.8209124976,0.1180693943
0.2523267038,0.8709136683,0.1119630629
0.1925979607,0.925526368,0.0987940505
0.2602434504,0.8564853761,0.0976950617
0.201544345,0.9705831189,0.0964094907
0.2749968963,0.8136298589,0.1103606652
0.2849405527,0.8740168258,0.1030157553
0.2213701748,0.9353186535,0.1260159817
0.2890980485,0.851014535,0.1189349246
0.3163792769,0.8835586929,0.0784657743
0.2991625875,0.8232870342,0.1162390647
0.336703283,0.7915989929,0.0931483557
0.15892152,0.9345551647,0.0913915711
0.2998073092,0.8820635503,0.1113946022
0.2208338459,0.9314162122,0.139982892
0.2517563313,0.868132339,0.0472019689
0.1378541847,1.0387261196,0.1271184392
0.2877796997,0.8847927811,0.0768433977
0.3119832379,0.8713000315,0.0641928016
0.2831986727,0.8792206761,0.1173414156
0.1316142615,1.0470168468,0.0490440087
0.1503766756,0.9611203121,0.1580107288
0.1199972291,0.9890364014,0.0913733054
0.2124241648,0.9118182213,0.1315680156
0.2748539188,0.9086751692,0.0852535994
0.1943868053,0.9644736065,0.1175505261
0.2340733661,0.9249523449,0.0990582756
0.2212014315,0.9387339502,0.0904860314
0.2759802579,0.9092121537,0.0879565061
0.2020483737,0.9609210936,0.1005741783
0.2819826677,0.8289916874,0.1037366027
0.1375694944,0.9338028701,0.172562337
0.2896319791,0.743028258,0.1530571781
0.1934715035,0.9454382823,0.1376011488
0.1640346397,0.9621881967,0.0996969594
0.181803489,0.9937276532,0.0876615575
0.1841717193,0.8657452642,0.0819655164
0.2523957004,0.8966990232,0.0981149267
0.3081917668,0.8150920221,0.1061904258
0.2301504137,0.9479837217,0.1347184904
0.2227933781,0.9418399696,0.0849380293
0.10201225,1.048323983,0.0641620421
0.2761579752,0.8588093421,0.1257167428
0.1696943926,0.9624207134,0.0683791104
0.1344868298,0.9869374356,0.1051416256
0.2652732878,0.8637065612,0.115975658
0.1723481908,0.9376058668,0.1127161719
0.2329563857,0.8986571666,0.075896102
0.1924736819,0.9562760554,0.1036943023
0.2646978337,0.8174460046,0.1935515513
0.1564357198,0.9398643636,0.1175505006
0.2828268208,0.8810023164,0.0512234101
0.1501732077,0.9483642376,0.1684312333
0.2757776632,0.859816003,0.1641444898
0.2612750692,0.9045853219,0.1030956479
0.2079113029,0.9466003854,0.0942553971
0.202534188,0.9794645683,0.0784119608
0.2606405641,0.8747078472,0.1487861916
0.2396151614,0.8866966964,0.0855241144
0.1650291632,0.9066656604,0.090344412
0.3542844712,0.7914087319,0.1330103875
0.2488464109,0.9086750094,0.085203426
0.298513296,0.8947898742,0.0963160533
0.2013711392,0.9670135721,0.1115027383
0.160621946,0.9735878524,0.0823519215
0.1519011757,0.9581641055,0.1101679634
0.324452978,0.8616457251,0.0811854113
0.2687394858,0.8588254177,0.150104976
0.2873415915,0.8526502007,0.0860225306
0.1117102592,1.0139763728,0.0842583177
0.2397101488,0.9481169436,0.1209930658
0.207547508,0.9698646558,0.0920978834
0.2557730815,0.8068260439,0.1787303177
0.1299058566,0.983555145,0.0909492959
0.2598166627,0.9224902556,0.1142702414
0.275504564,0.8464954299,0.0844846251
0.300410995,0.8175521437,0.1297463657
0.2747141155,0.9281963534,0.1217564122
0.1627765105,0.9253002215,0.112486038
0.2181715472,0.9125496082,0.0894124851
0.1606955048,0.990835062,0.1043423056
0.3679089357,0.7886394762,0.0756459094
0.2287543688,0.9370903892,0.0734923947
0.4025970816,0.7633614741,0.1019889884
0.1892193853,0.9746024155,0.0909697483
0.2826719379,0.8918659649,0.0440058135
0.336970189,0.7551569188,0.1314057895
0.2547572869,0.8616815495,0.0708479964
0.1362457922,1.0251805105,0.0886478502
0.2239214106,0.9358164323,0.0701763275
0.3010360589,0.8126216951,0.0766068913
0.2720857301,0.9173973835,0.1144048572
0.1341462148,1.0106856959,0.077450893
0.10563105,1.0257102521,0.1360099914
0.2046197464,0.8638503653,0.1277922848
0.2186282325,0.9486225857,0.0703451144
0.3083219994,0.8087615815,0.1022004559
0.2935677913,0.8775131651,0.1146411963
0.1388843555,1.0106926573,0.1066618857
0.3162061043,0.8083833284,0.1156767942
0.2574416165,0.8806071183,0.0951078634
0.1742137109,0.8914147357,0.1169152645
0.31153546,0.8534905646,0.1113337286
0.3095510346,0.8067631673,0.1161171514
0.1219619335,0.982971263,0.1265565307
0.3846420615,0.7501132749,0.1057296297
0.3156050581,0.7954690396,0.1425943397
0.2648887129,0.8820175731,0.1050406538
0.2809828504,0.8750720652,0.0819965806
0.2608428904,0.9145630853,0.0560392325
0.3173987399,0.7839390178,0.0935190002
0.1271623033,1.0230574457,0.1082214441
0.1929098693,0.9775747667,0.0839987218
0.2561223952,0.85014707,0.1408193885
0.184001193,0.9632729068,0.0767475762
0.3035549396,0.8456885554,0.1046897423
0.3011399247,0.8745044848,0.1594356989
0.2702732938,0.9023819402,0.0840456076
0.2076159484,0.9551551632,0.1034526492
0.3486837646,0.7900892138,0.0850673216
0.3067439926,0.8604264494,0.0823993488
0.2682985777,0.8164737226,0.0994928968
0.2332188615,0.8639661547,0.0781601196
0.0987360908,0.9949077909,0.0859274633
0.2414690674,0.9380504954,0.1138372066
0.2768966493,0.8164644681,0.087568674
0.3455465476,0.7977193255,0.1086754011
0.2029070973,0.8996174439,0.0819975911
0.0879113977,1.0656086496,0.0560612128
0.1702760471,0.9307033257,0.2171467946
0.332080985,0.8286099224,0.1232682277
0.1620007101,0.9673381094,0.1306487552
0.1903295014,0.9542675128,0.0706603572
0.2577817068,0.8990332638,0.1155173985
0.2397469911,0.8922471922,0.1342829676
0.3167584928,0.8642262055,0.0798231547
0.1601744895,0.9751497769,0.1633130799
0.3109608138,0.8570322946,0.1131650763
0.2550013545,0.8869497917,0.0721960785
0.1384630842,0.9678941681,0.0839715307
0.1829268407,0.9227643882,0.112509789
0.2194213497,0.9170453207,0.1229269248
0.2704377979,0.8792498761,0.0764313231
0.222845915,0.9615109772,0.1177902937
0.3778672927,0.7729994349,0.1031369513
0.2131398694,0.937225001,0.0998151285
0.1864477546,0.9746483584,0.1288182741
0.1148012754,0.9901268635,0.1296334928
0.1552424443,0.9601847502,0.1320108541
0.2602094148,0.9140232459,0.0810775798
0.2441018406,0.966342637,0.07914509
0.1449475997,0.9872645608,0.1284175757
0.2741211654,0.8700627467,0.0840776703
0.3566247521,0.7678058499,0.1097768585
0.3029202937,0.9114610432,0.0951126925
0.2390857841,0.9085208374,0.1001066102
0.1170531338,0.9267697499,0.1368464039
0.2534970371,0.8983345573,0.063959712
0.3061538596,0.8264378859,0.1177553622
0.2045306758,0.9321310863,0.139592833
0.1640234297,0.9918594487,0.1408672291
0.2485062092,0.9365201619,0.0765536136
0.1860729523,0.9300304047,0.1543009331
0.1775118501,0.8586330936,0.2163722976
0.2324473664,0.8949334977,0.1227293658
0.1246819357,1.0073814933,0.0741852728
0.1887942298,0.9461635124,0.1119483601
0.2505035061,0.7820853488,0.1244352307
0.2007005503,0.9383974729,0.1055053314
0.2951566417,0.8045050899,0.0960913442
0.1854810354,0.9736444089,0.1445669926
0.1610354602,0.9606148593,0.1128135146
0.1690541616,0.9755818722,0.1188448071
0.163602758,0.9777124419,0.1366883009
0.2870703134,0.8629383086,0.0981631441
0.2694466217,0.8856075298,0.0621243742
0.3065002401,0.8255405773,0.0422181617
0.1181727571,1.0906254829,0.0531902914
0.1445456934,1.0276953585,0.136583922
0.1937649838,0.934814551,0.0845337951
0.1414009646,0.9446835184,0.1401163428
0.2084285792,1.0025916326,0.1005336899
0.1861495934,0.9924837411,0.1148035912
0.3121930394,0.7751160164,0.1185850316
0.1488650778,1.0073695648,0.1126508435
0.1260096734,0.9964214427,0.1245378514
0.2027707401,0.9408980763,0.125845593
0.2165087935,0.9097111414,0.0776408674
0.2686955916,0.9228658373,0.1019978642
0.2513525064,0.9514963484,0.075815437
0.2284751446,0.9731116618,0.1040810509
0.256113905,0.9059655692,0.1039963496
0.2221215332,0.9377783255,0.0903566769
0.2392492334,0.8667475987,0.0957065482
0.2756527998,0.8467029402,0.0826498005
0.2508284058,0.8925348292,0.1033060439
0.235716789,0.8978306886,0.1154002446
0.2148149152,0.8965769649,0.1044937544
0.3147039992,0.8395408723,0.1129436737
0.3230785448,0.8689273114,0.0992468092
0.2453230488,0.9117986019,0.1099615732
0.1916612634,0.9623505887,0.1728683741
0.2799520535,0.7859465862,0.0839593561
0.3617942975,0.828957337,0.1264327782
0.3011626236,0.8557256711,0.1765757167
0.2396600959,0.9339584482,0.0894316203
0.2709703788,0.8918375354,0.0654827469
0.2214740949,0.927306914,0.1439284744
0.2763350736,0.899387499,0.079417539
0.2748315198,0.9193439125,0.0492997451
0.2647267585,0.8791573415,0.0876242373
0.2703510476,0.8997347379,0.0868722439
0.2451468877,0.9688975483,0.0856090345
0.3068465081,0.8569990998,0.0866784255
0.2880021835,0.9319565012,0.1474401518
0.2153301418,0.9480519248,0.0532942285
0.2466865795,0.9759401088,0.0450640345
0.2648202,0.9111060007,0.1479036504
0.2905665725,0.8500053885,0.134922968
0.3325185459,0.8530453293,0.0689880851
0.3122574359,0.8327342542,0.1172181327
0.2901139784,0.8901760971,0.1129891872
0.2107126523,0.9383830516,0.0945657064
0.2486709466,0.8490002242,0.1254157002
0.301931565,0.8753430578,0.0790799404
0.2193379577,0.9396911557,0.0627953905
0.1980230959,0.9876587243,0.1300389326
0.2635795244,0.8572159309,0.1201259029
0.2443361562,0.9055264978,0.0942441259
0.2947620124,0.8843943323,0.067093987
0.2837300435,0.8881447587,0.0469843063
0.2242306637,0.8957084662,0.1348944604
0.2375066722,0.9316692668,0.0803596326
0.2278311591,0.8953740461,0.1191083144
0.3233681936,0.8484342189,0.0877342422
0.2588333302,0.8513666947,0.0515112762
0.3316684744,0.7602752528,0.1399909025
0.2142583873,0.9473869279,0.1114774681
0.2435511867,0.8174130128,0.1407135478
0.3182451655,0.8100115938,0.1309572459
0.2471796701,0.9312081055,0.0767652674
0.3135231337,0.8555235782,0.0873143039
0.1646076519,1.0507070186,0.0930318834
0.3364871059,0.7613218538,0.1423281253
0.2896950916,0.8949672362,0.0854863979
0.3133741213,0.85239467,0.0915684116
0.2409343459,0.9369817545,0.0844444947
0.2559028056,0.8341729435,0.0911888815
0.2434014372,0.9173332183,0.0787856026
0.2640408348,0.8108265097,0.1363498563
0.3179513642,0.8076001129,0.0769128726
0.2408619559,0.9938248952,0.1081553418
0.2714383395,0.9374414843,0.0710082381
0.3071456484,0.8810881939,0.12024622
0.3312155694,0.8321192267,0.0915563486
0.2764233429,0.8787578497,0.1202615492
0.2448158727,0.8483280996,0.1971619587
0.3251474746,0.7929574217,0.1323224092
0.1923960355,0.9807817841,0.0861953259
0.2517269426,0.8827298674,0.0990116949
0.2040801881,0.8921334041,0.1696190371
0.2632430467,0.8582463579,0.1014403765
0.2465820727,0.8537891339,0.189824322
0.3171974058,0.7972128131,0.1348884301
0.2223835957,0.8762090766,0.0967559625
0.2342339505,0.9124187934,0.1150051977
0.1996912742,0.9813690005,0.0678619138
0.2866726339,0.8797646006,0.0758662896
0.2854899803,0.7574679229,0.2023610038
0.3267268447,0.8013897093,0.1038371525
0.2549911209,0.9020199668,0.1234206545
0.3238778533,0.8617344581,0.095380507
0.3079437148,0.8446142454,0.1077814306
0.1773280022,1.0070014976,0.0516670389
0.3628571302,0.8152376879,0.1090429148
0.2095889305,0.9182961608,0.1298805616
0.2573069516,0.8841682742,0.1334165395
0.2082699443,0.9798656201,0.1323965636
0.2726313768,0.9569668175,0.0982803482
0.2880424128,0.9204975403,0.1045195807
0.2550458078,1.000684302,0.0721162408
0.2227456655,0.8746149274,0.0534651291
0.212115544,0.806518086,0.0905925017
0.4075062623,0.3200262989,0.4347699959
0.2813362029,0.8659726648,0.0987296916
0.2595554597,0.8771602055,0.0520778825
0.2963976056,0.8735847959,0.1038764496
0.2411264116,0.8606502114,0.0878223802
0.1879632398,0.8682170926,0.1933832259
0.7079786821,0.4079233229,0.232880058
0.2608179733,0.8062001183,0.089888283
0.2399511417,0.9768754283,0.0203687718
0.2410726177,0.8926277003,0.1266685904
0.293967116,0.8012954847,0.144939898
0.2694995008,0.9160618003,0.069605011
0.206334391,0.9462827894,0.0607499669
0.2387608474,0.8444689566,0.1821172146
0.2495928279,0.9071107195,0.1199015798
0.2347505253,0.9245443253,0.1222938513
0.3553254741,0.8775095416,0.0839905983
0.1761021348,0.8686522138,0.1909921236
0.1358293245,0.9735182758,0.1285381698
0.298396573,0.7818298911,0.1257400551
0.2596099379,0.900566224,0.0977846189
0.2092165538,0.8099768159,0.1809168823
0.2273226387,0.9193710371,0.0531438824
0.2068319202,0.9177081816,0.1502921936
0.3336625155,0.8793564872,0.0955392496
0.2660694794,0.9166884591,0.107812721
0.2736757502,0.8789309823,0.0909480384
0.199004594,0.9645941726,0.0895776631
0.2807273485,0.8539399293,0.1351042935
0.2358441108,0.9287010389,0.14103332
0.2492259429,0.896364452,0.1013788439
0.2876658324,0.8241814305,0.1287866298
0.2458087856,0.9655778163,0.0950554554
0.2079258294,0.9500931618,0.0664642872
0.2177223438,0.9103616327,0.1562949592
0.2384339494,0.90570149,0.1470442883
0.176193948,1.0007723701,0.1090301203
0.2292113664,0.9347242857,0.0969212103
0.2000854994,0.8732619428,0.1700279779
0.2568969176,0.9167628297,0.1263123335
0.202899375,1.0310678273,0.0894868873
0.2589598968,0.9244955038,0.0496612986
0.2251145455,0.8731267024,0.1162256219
0.311122109,0.8151403443,0.1095451203
0.2038083685,0.8875960688,0.0658573654
0.2416062247,0.8983740822,0.1531584039
0.2353535841,0.8932235178,0.1230203276
0.2451147989,0.8484531457,0.1124915465
0.2285917686,0.9474571675,0.0730104916
0.2099620367,0.9969566396,0.0708772116
0.2982592939,0.8559701788,0.1279689469
0.2346490359,0.9438324356,0.0933896648
0.3056627988,0.8407800384,0.0919007656
0.3167310166,0.8957544924,0.017982564
0.3484416698,0.884639052,0.029660853
0.2240532451,0.9325776705,0.109259993
0.2057881567,0.8969094832,0.1935472515
0.2436677411,0.9840873993,0.0678926121
0.2996606645,0.7658444038,0.1564885301
0.3058172156,0.8514889581,0.1287968257
0.2518842566,0.8846808483,0.1277320541
0.2370602443,0.9087153997,0.1107676947
0.2640376582,0.8869266723,0.1590855031
0.2587786695,0.8210235342,0.130998363
0.1722496433,0.9372157857,0.1663834072
0.2305679967,0.9237101555,0.1007708352
0.1302493003,0.9671023522,0.1012664619
0.2298491424,0.9502467273,0.0913146874
0.2600587582,0.9356714871,0.0969962776
0.2555075802,0.8375939972,0.0400937578
0.2486498556,0.9033812519,0.0833866702
0.2574677116,0.9721929573,0.1081979305
0.2379856955,0.8518193102,0.1146309352
0.1130057679,1.0668853674,0.1061846599
0.2649534466,0.8350111935,0.1138138277
0.2460610001,0.94935983,0.1250205398
0.2596645711,0.9148078537,0.0861496886
0.3194637504,0.792489346,0.0984540096
0.165579523,1.0096740634,0.1260592371
0.2330291201,0.8657616842,0.1451492361
0.2496499949,0.9115496726,0.1474870944
0.3259153164,0.8580887974,0.0405093735
0.2392425365,0.8842689449,0.0584404578
0.2509459359,0.9371506699,0.0542474775
0.2293829129,0.9670839128,0.1344901023
0.2587727055,0.8866016486,0.1418844708
0.2100347436,0.9783675272,0.1194835179
0.2455025175,0.9093245227,0.1324132431
0.186198308,0.9605826989,0.0830571566
0.1887793299,1.0257774144,0.0806095367
0.3129834328,0.8334000526,0.1036750091
0.2937636563,0.9221417445,0.0655505388
0.3023002748,0.9201971083,0.1122547879
0.2086658422,0.8908002403,0.094882474
0.1395119002,0.968668493,0.1703175621
0.2209387841,0.8812126849,0.108980778
0.285440563,0.8990699217,0.1326899471
0.2868258254,0.9019363489,0.0442407072
0.2808400997,0.8072962682,0.0841615312
0.2395848919,0.9104411467,0.0829841382
0.2509122651,0.9724689662,0.0820503903
0.3088845831,0.8994262489,0.0984222262
0.1523809057,0.8894114656,0.0627777459
0.2482032911,0.9339276166,0.04192735
0.3153559478,0.8261759224,0.1247287539
0.2281860804,0.9884786249,0.1027969658
0.2278593088,0.9574932713,0.1049094856
0.3297076396,0.8145923307,0.0937464687
0.3454193548,0.8440669196,0.1308554557
0.1855100835,0.9045128322,0.0933288666
0.2115980526,0.8935717186,0.0828542856
0.2779192626,0.8787618111,0.1203536139
0.2475409342,0.8687772582,0.0697206293
0.2757842057,0.87295214,0.1517043616
0.266622514,0.878640443,0.1126481819
0.2309233874,0.884586197,0.1114734101
0.3624732827,0.8336862783,0.0698656658
0.2931345649,0.8605952163,0.0656786802
0.2503065443,0.929510272,0.0923249758
0.2559568017,0.8710552809,0.0580306006
0.2726750594,0.9327551051,0.0731175088
0.2386013426,0.9598392921,0.0324699414
0.302280808,0.8920338378,0.0919228415
0.1614433499,0.9088963743,0.103486087
0.2298890225,0.8986992191,0.0809654699
0.2157654476,0.9520265677,0.1381057701
0.2753362162,0.9354313953,0.0990002116
0.3450003303,0.8332946951,0.1510480449
0.3050127594,0.8897663922,0.1517408688
0.3044566169,0.8591081333,0.1132570873
0.210983485,0.9959717931,0.0268665629
0.2928379568,0.8215304786,0.0767406582
0.2368396697,0.9301376366,0.1111348424
0.1134589993,0.9779530596,0.0922658435
0.2890387984,0.8776265792,0.10102392
0.1856579508,0.946867882,0.1568805326
0.2885106279,0.949313165,0.0271842065
0.2197047754,0.9345601661,0.1292452422
0.2406885828,0.9768580374,0.0560930263
0.3040554546,0.8509094541,0.09591506
0.2028355768,0.8915683868,0.0647720475
0.2066159523,0.9496369498,0.0662348012
0.3639536087,0.7981687148,0.1200772066
0.8363700323,0.2840904668,0.1729209733
0.1938120739,0.9497277353,0.1379534675
0.2479080985,0.9197998283,0.0629991984
0.2991054596,0.8627907612,0.1286818783
0.2600006372,0.941940866,0.0781923453
0.2928764952,0.876838416,0.1250125261
0.2064570707,0.8541109514,0.1552775865
0.2292526866,0.9513075315,0.0706589598
0.2306351442,1.0031634315,0.0724031619
0.2574871772,0.9024989994,0.1036674046
0.2572216837,0.836965486,0.0809919158
0.2329181328,0.9712330626,0.1222094786
0.2845235432,0.7939420465,0.1320489756
0.2520439346,0.9018069859,0.0700795699
0.2652411017,0.8876269325,0.123030859
0.2373107015,0.8875135459,0.088768273
0.1813991969,0.9862509024,0.0909865374
0.2184359732,0.9114344481,0.1069590663
0.2074724381,0.9356434633,0.1271774606
