"u_y","u_z","u_x"
0.1881435525,0.4729691455,0.4219316348
0.3503576803,0.3170341292,0.4691492358
0.2423501324,0.4261316166,0.481308012
0.2206285795,0.2265003892,0.7619965453
0.17645044,0.3347485434,0.6834253535
0.1727524583,0.3624084648,0.6388901581
0.2911061431,0.3028944143,0.5857084223
0.3475402696,0.2303301028,0.60099889
0.1918054081,0.407183305,0.5428907561
0.2934781917,0.2793364806,0.552423637
0.2632239912,0.3727442649,0.4594475622
0.3229164294,0.3002684947,0.5106671507
0.1823953166,0.5127253529,0.4367747438
0.1662786068,0.4416990921,0.551838129
0.2644876909,0.2950835251,0.579582283
0.2942362826,0.2734818768,0.5161359964
0.3086020939,0.2792302376,0.5776958321
0.3084626117,0.3899338298,0.450383745
0.1811223437,0.3871030347,0.5719716784
0.2143334264,0.371217684,0.5492865857
0.3090034459,0.3065180831,0.5283077982
0.1482934749,0.4630724038,0.5162281288
0.2547797929,0.3395717066,0.5274790445
0.1990626446,0.3660809781,0.5932056294
0.2984623905,0.3260572622,0.5594801336
0.177478357,0.4762873719,0.4673257851
0.3082504941,0.3281302655,0.5554320986
0.335155798,0.259837366,0.5601110772
0.2285466516,0.3968386987,0.527253157
0.3593775321,0.1787232244,0.5449705885
0.3023369778,0.2640716891,0.5557679589
0.2253681421,0.3909370751,0.6162744182
0.3073778538,0.2822925635,0.5416635621
0.1829234894,0.4261560019,0.4736447568
0.2511836817,0.3570934971,0.5813379016
0.3195593954,0.3391625887,0.4909844829
0.2256836227,0.4154091713,0.476268104
0.3613643927,0.2692385187,0.5375968556
0.2158170835,0.5373495629,0.3779106248
0.2180417949,0.4030748692,0.4924173504
0.3514604995,0.3152834652,0.5250997041
0.3353992177,0.3005674032,0.5165425976
0.2501951359,0.3342914703,0.5409004874
0.4350237667,0.3498473203,0.2710925584
0.3006996547,0.2919425691,0.5737893729
0.3015223137,0.3553287623,0.4573268051
0.1705058765,0.4474927011,0.5600756279
0.2943059351,0.2496760352,0.6220870305
0.3513453193,0.1700532971,0.682224743
0.2199074997,0.4390908288,0.4717715365
0.3371710846,0.3219163835,0.5165084436
0.2112412729,0.3676490942,0.622861764
0.1698227429,0.3926138653,0.5573701003
0.2666878206,0.3582908992,0.4880474851
0.1784934598,0.4320647946,0.4733113392
0.2788816646,0.3280125325,0.5511585326
0.3685655999,0.2682923349,0.4808394483
0.2531014404,0.3797197511,0.5174516432
0.2956078452,0.3995847082,0.4209618208
0.3067299138,0.2697036706,0.5638123834
0.3836804873,0.3485013461,0.4215798115
0.1826763964,0.452012529,0.4562774903
0.1972565657,0.3691637412,0.5527942813
0.3457283335,0.2781291175,0.4490631213
0.3043459921,0.3548359872,0.5031147766
0.3180234283,0.2462076788,0.6327158801
0.3336091677,0.3016512255,0.5383027349
0.2510601764,0.3190749996,0.5799574989
0.3042175451,0.3668762207,0.5416178693
0.292499656,0.1600380465,0.7105280001
0.2028456143,0.3855703605,0.5962205619
0.1998028388,0.4857743837,0.4497630297
0.2886059954,0.2566279057,0.6044897098
0.2635705476,0.3870052902,0.5241389593
0.2421968721,0.3872641267,0.4810289709
0.2869739226,0.3414290029,0.5854983627
0.3549713927,0.4944380379,0.3366239024
0.2358548941,0.4377154015,0.4762423304
0.3409822936,0.3077675997,0.549141786
0.2073605563,0.4584654865,0.5147168617
0.2390156511,0.3658727666,0.5914419012
0.2995630319,0.2736788187,0.5912990935
0.2949265145,0.3373239784,0.505673005
0.2383983208,0.3676599664,0.5238867621
0.199851432,0.3629652587,0.666776262
0.2666600295,0.3860352956,0.4759333165
0.1613307986,0.4439609476,0.5171437532
0.2540401311,0.3062408923,0.5637931643
0.3425404607,0.3266892732,0.5265643244
0.3349773375,0.2327295663,0.5573407177
0.2863940466,0.2534683062,0.6187849643
0.1765111954,0.4339998429,0.5316671123
0.2493758035,0.3517267629,0.5388889246
0.241535799,0.4266518987,0.4256160291
0.3040262369,0.3459206238,0.4700082095
0.2824737406,0.3209433988,0.6105238047
0.2371640316,0.3199810902,0.5532289011
0.3360282708,0.206250478,0.5978700424
0.1474499671,0.4392604867,0.5203399561
0.3022269128,0.3263732754,0.5088810797
0.1614074723,0.4798554146,0.4618667452
0.2549461169,0.3847504804,0.4981803384
0.2821624006,0.3626270705,0.5350649892
0.197243527,0.4400223578,0.4537147712
0.1716060736,0.372755402,0.615545789
0.3458506426,0.3071675554,0.577373355
0.3303039719,0.286909685,0.5275273117
0.291683594,0.3778868307,0.4539819419
0.2697306229,0.2847574388,0.6046795787
0.2514862135,0.279365533,0.607788777
0.3768293952,0.2688223192,0.5120794733
0.3385559438,0.2432819786,0.5446088895
0.2949942759,0.2738296049,0.5927195403
0.2835960108,0.3682954106,0.4568043359
0.2948481271,0.4031045057,0.4666995559
0.2771249772,0.373091875,0.4764432012
0.2823165721,0.3629340121,0.5617548412
0.1413664067,0.5464343664,0.4176978847
0.2402315006,0.3860169242,0.5595651913
0.1669867372,0.4278384714,0.5014617639
0.277882755,0.2358674565,0.6882272266
0.265543376,0.3727723016,0.5601624644
0.2588957772,0.31162039,0.6471816301
0.3183094617,0.2539477825,0.5620378358
0.1465711441,0.4270624556,0.5876201884
0.1865304073,0.4199036298,0.5412636942
0.1365469141,0.4447597793,0.5536476464
0.3444459353,0.2959754725,0.5029984108
0.2685504743,0.4210554264,0.4575795217
0.355848287,0.2912183458,0.4517652144
0.1996685598,0.4190667924,0.531575824
0.2819820941,0.2540391322,0.6475083473
0.2428325175,0.373654132,0.5640558066
0.2561224718,0.3193782974,0.5595388075
0.3349706957,0.2927019993,0.520472227
0.2353570979,0.3645181841,0.5489059016
0.3635055416,0.4085988798,0.3622079041
0.2143349958,0.37931873,0.582772437
0.1635513989,0.4429906126,0.4894258623
0.3273528952,0.229022016,0.5588984622
0.2936702191,0.3196622086,0.6035652801
0.2882100266,0.2809886192,0.5261139506
0.2417132838,0.3763669576,0.5530210659
0.34632961,0.3456823716,0.421713844
0.3116659677,0.3062889111,0.5703136662
0.3510028511,0.3109517834,0.477952174
0.3400857148,0.2055023462,0.6537505778
0.2108023338,0.3691728963,0.5736770525
0.3193207909,0.3237532286,0.509312536
0.295227046,0.3215725595,0.5263287946
0.3057794769,0.3365433763,0.5302983517
0.3410996944,0.4654308103,0.3332722484
0.3283442289,0.2825560227,0.5637750927
0.2808907166,0.3996761659,0.4213401697
0.2869588861,0.2762604168,0.5464293048
0.2143110488,0.4249358069,0.4969227308
0.2095555148,0.4148465279,0.447729044
0.1889008967,0.4342949561,0.4997604356
0.3104010244,0.306868774,0.534148669
0.3100103727,0.3846555793,0.5233906469
0.2999410863,0.4276647423,0.4452690043
0.3657309612,0.4143123077,0.3890476889
0.1651480031,0.4273257493,0.559350143
0.2264841934,0.5549079932,0.2989770671
0.2350274874,0.424428392,0.4887344237
0.3365128464,0.2863000943,0.5422176162
0.3276271214,0.3694377481,0.4518054629
0.342274494,0.2788704424,0.5498132476
0.2503370561,0.3633546472,0.5460336889
0.2689882014,0.3390226095,0.5588989642
0.2065748919,0.4055962584,0.5244839444
0.2613750308,0.4189715738,0.4802351806
0.3886532741,0.2217930121,0.5596794146
0.3399738497,0.2438332383,0.595628106
0.3109079953,0.2602287959,0.5496865914
0.1899675258,0.4603144716,0.3841685714
0.2329797616,0.3385025646,0.5659728384
0.3343291301,0.3414608425,0.4787350848
0.3308039309,0.4298660529,0.427917695
0.1645831559,0.4816056817,0.4254861875
0.3183093764,0.3518039891,0.5130833668
0.2568558364,0.3338805211,0.5955855347
0.1818046186,0.4407342434,0.474771859
0.3168697666,0.3752894675,0.4658661131
0.3229773492,0.160839741,0.6975109246
0.3046762004,0.2088582214,0.6237936269
0.2689979499,0.2425507139,0.6060803351
0.2334059635,0.3523807013,0.5825528227
0.3557668658,0.2206062564,0.5742016187
0.2135268201,0.4784196016,0.4146395608
0.2049726002,0.3712052604,0.5439229004
0.3838015165,0.2708651174,0.5077046957
0.2046469256,0.4341102075,0.5087825904
0.1811253836,0.3977581257,0.5827340788
0.2955396209,0.3035142463,0.52496454
0.291008911,0.2851480073,0.5542813601
0.1452273927,0.426555549,0.5651819856
0.153723584,0.4569216228,0.5255590451
0.1490602753,0.6181612834,0.4579525364
0.2220936775,0.4012524006,0.503916659
0.2913286504,0.2388657752,0.6503532493
0.3014508717,0.3591165652,0.4710816233
0.1703467363,0.4863194364,0.4810782748
0.2338431735,0.3582580103,0.5206068362
0.3008729124,0.3262178315,0.4951728794
0.1896558942,0.393067097,0.5683162885
0.3276237046,0.322294201,0.4777947939
0.1916703017,0.3761959401,0.6079828382
0.2057120168,0.4280626947,0.4967436672
0.240463514,0.3219922248,0.544311806
0.2723464945,0.3734250679,0.5596838465
0.2001441224,0.3740075865,0.5734526954
0.2556753281,0.3240205212,0.5275644015
0.3582605366,0.2653217974,0.5081269804
0.1290793261,0.6366355425,0.3949369501
0.3197129623,0.3228976957,0.5242024062
0.235948284,0.3708514423,0.5237850038
0.3116474451,0.1924874461,0.6848083901
0.2714915005,0.341609591,0.6583118127
0.2168039044,0.4047861528,0.4986967285
0.2552565192,0.3266601682,0.5735003408
0.196048321,0.4071963309,0.5207644898
0.2395402723,0.4452854063,0.4592552151
0.194804127,0.3511099235,0.5966368073
0.3395854034,0.2568256438,0.5714302109
0.3014829545,0.3102205289,0.6122515005
0.2565333622,0.3434113335,0.5149394174
0.2961887984,0.572049692,0.3382050105
0.255737631,0.3480700366,0.5251044666
0.1751129458,0.385734576,0.5688523636
0.1962922449,0.4032886112,0.5039547382
0.3402045304,0.3866512676,0.4686210515
0.2266216172,0.3496516579,0.5781264696
0.3162015341,0.2985546705,0.5854880332
0.3190844487,0.279036634,0.5286609314
0.2758845852,0.2478122523,0.6846594312
0.3995878406,0.1859043634,0.5779275636
0.2586787402,0.3278473183,0.5120219959
0.2039679932,0.3992855656,0.5368270676
0.3243014247,0.3276898017,0.5031496205
0.2403210076,0.3757202571,0.5440021205
0.3003270745,0.2274911431,0.5962491395
0.3655293824,0.2412308471,0.6054634153
0.3431598613,0.2636661674,0.5271571798
0.2830990844,0.3210550132,0.5070299027
0.1812570904,0.4484649912,0.4732480029
0.2341370982,0.4002432544,0.4672252776
0.312200782,0.2482541482,0.5920740321
0.2645508403,0.4215627331,0.4353643282
0.3218080045,0.2742074911,0.5102367594
0.2225596164,0.322543052,0.6091187183
0.1678879007,0.3944628331,0.5702927856
0.2454953687,0.3577720186,0.5021356349
0.2843860449,0.2997189559,0.5457375898
0.1917264553,0.4628375832,0.4904182613
0.3322489031,0.2532657692,0.5501192247
0.2335430804,0.3472898195,0.5528300832
0.2450475577,0.4077309059,0.4672944509
0.1781281533,0.4179121468,0.542167458
0.2768911669,0.3039201271,0.5512706055
0.2149068823,0.3533128013,0.5642573433
0.287474035,0.2303350883,0.6029364529
0.3502522705,0.491970501,0.3435154628
0.1673849007,0.4399261174,0.5148646487
0.2576738218,0.3635253269,0.4979061692
0.2841514421,0.3505890265,0.4610101485
0.2630901685,0.4162386155,0.4919569568
0.2319270192,0.3387662841,0.543505562
0.202593472,0.4132444709,0.5939039203
0.3197848146,0.1819436241,0.653690523
0.2487366043,0.2681556516,0.6686648846
0.2606274489,0.283151166,0.6005707437
0.2665106516,0.3384556581,0.4869757428
0.3756626879,0.2360163587,0.5301801
0.2801003479,0.2949816824,0.5272457277
0.2016272461,0.3906935912,0.5012284801
0.2556256968,0.33602845,0.5622434434
0.2122803207,0.4049024898,0.5006984056
0.2331781418,0.3652143742,0.558443509
0.1947774687,0.4745400533,0.4394906016
0.3100681045,0.3042856299,0.5178664632
0.2028861522,0.3540498211,0.6035222408
0.1840412702,0.3857112696,0.5722207751
0.1558026776,0.5785170531,0.3796937524
0.230646214,0.3587869084,0.5298207606
0.2211719892,0.3380366573,0.5745608391
0.2430352003,0.469890605,0.4361387284
0.2341637635,0.3834202766,0.4953844645
0.1865027772,0.4023210312,0.5410361572
0.2264742767,0.3301196749,0.6143767171
0.2007180038,0.3975639353,0.5414651377
0.3280719594,0.334607033,0.5102293651
0.1157595954,0.4728216074,0.5349599114
0.1496698914,0.4826210501,0.5069080096
0.2322815502,0.3551144267,0.5866907585
0.3162229779,0.3436114666,0.5159539245
0.1834479658,0.3734159437,0.5799354201
0.2626196416,0.33377773,0.5835401324
0.2598559951,0.30697786,0.588073051
0.2341650629,0.3944682009,0.5096237003
0.2380327777,0.3840989428,0.5054202592
0.3556248283,0.2969446868,0.5520002427
0.3535216962,0.2123455649,0.5458686873
0.3201891822,0.2318475325,0.622961291
0.275462962,0.3275145829,0.6064204678
0.2727307849,0.3635454028,0.5467736431
0.2944344755,0.3465552183,0.5390457875
0.1932462956,0.4289074937,0.560815763
0.2923174742,0.2897929751,0.5191973002
0.2013384845,0.3924999023,0.5432578538
0.2433182457,0.3920514252,0.6029011359
0.2335962644,0.6382431033,0.2827535522
0.297140458,0.3579725236,0.5587417025
0.1467857679,0.4333444231,0.6007679086
0.1886170739,0.4059091639,0.4873855516
0.1970338342,0.3886916237,0.5245525566
0.2693703687,0.3842468144,0.5260091036
0.3341338336,0.3308107374,0.5733965145
0.3048581915,0.2210562772,0.614070331
0.4201389763,0.5992139429,0.2402729981
0.2022343222,0.4294712175,0.4973770461
0.2198719956,0.379736148,0.5773958436
0.235817122,0.3620941491,0.5089355023
0.3441691919,0.2611876205,0.5797473475
0.3007292359,0.3563662676,0.5362042563
0.3717270079,0.2415964309,0.5474013616
0.4215091668,0.563244046,0.2727890755
0.326869196,0.1721866616,0.683807865
0.3554282833,0.2074110668,0.5053356816
0.3416291488,0.1388454177,0.6740262627
0.2140690012,0.3466939844,0.5920826269
0.2085330775,0.4188145669,0.480964459
0.3923687544,0.2580758581,0.4851337356
0.2973881713,0.3444607396,0.5340913961
0.1864162973,0.4771182239,0.4785210714
0.1572995088,0.3771815477,0.59719535
0.2792368249,0.3097651911,0.5244898064
0.3320483835,0.4130212819,0.4028080562
0.2822094296,0.3921708714,0.4785529667
0.3290548817,0.2699250408,0.5490994649
0.3688698251,0.3945351398,0.3519912772
0.3307914954,0.2751302598,0.5467770363
0.2380169953,0.3560078824,0.5356238696
0.2990419635,0.3431511757,0.4812063676
0.2320893703,0.3544009964,0.5498475202
0.3423441542,0.2643093848,0.5114038608
0.3057439082,0.2663891677,0.6253012579
0.2836780199,0.3479135633,0.5255700968
0.3635496953,0.187103133,0.6146581729
0.2238406701,0.3786419067,0.515218693
0.2577496407,0.3312366117,0.6274530407
0.3223954021,0.3254674426,0.5236005014
0.365859262,0.3104295702,0.536828977
0.1651912529,0.4156961338,0.5372717263
0.2203061438,0.3998157612,0.5661528729
0.3222477136,0.2213532319,0.5493928944
0.3601653907,0.2501683161,0.5109766014
0.3410363392,0.2933093909,0.5091977725
0.2806219718,0.2707921552,0.5644112597
0.2730865651,0.2880536191,0.6610275932
0.2471283354,0.3305422542,0.5637695664
0.3485827494,0.2426796714,0.5442996174
0.2987024662,0.3583922462,0.5516152514
0.2151191476,0.4128085914,0.5020726884
0.1500013283,0.4422533787,0.4929597078
0.1966423447,0.3894299921,0.5897037567
0.2942160878,0.3685453018,0.5047461758
0.2750150187,0.3074378849,0.620899212
0.2643566687,0.3293244576,0.5122454165
0.2199652544,0.393636567,0.5012494806
0.1493006368,0.4677100189,0.5508235607
0.3451001122,0.2819813679,0.5579592769
0.3302173516,0.3468929294,0.47146516
0.275523545,0.307848067,0.5261617505
0.1492336251,0.4947343821,0.5145175541
0.3544658029,0.163712463,0.577594878
0.2997144979,0.2725177421,0.502582479
0.2962432456,0.3652245896,0.5003347421
0.3063152768,0.2557189833,0.5844727254
0.2164810171,0.3551245506,0.6154868618
0.2946826784,0.2891413153,0.5767130625
0.2698717036,0.3090746951,0.56620578
0.2514819448,0.3326239998,0.5385856973
0.2411032086,0.3213662383,0.6113784839
0.2544218591,0.241003507,0.6454515147
0.3077851785,0.3435927418,0.5515369629
0.4063521055,0.2220253277,0.5007346203
0.2472046119,0.3414236921,0.5889836766
0.3356455778,0.1643807669,0.7301946377
0.2738705082,0.3580001526,0.4905047871
0.1850123522,0.4312109895,0.5298768386
0.2185240525,0.392272911,0.5013871007
0.333638963,0.4039508006,0.5209965028
0.2028435878,0.4086031608,0.5634720621
0.166338903,0.4543536696,0.5235965571
0.266643688,0.3352107978,0.5007934889
0.2835008485,0.2221935198,0.6434934161
0.2644304361,0.4164902939,0.4848195416
0.1815654113,0.4146000442,0.4685095493
0.3187491336,0.3059707079,0.5745775571
0.2870849364,0.2898538722,0.5949032809
0.2732558425,0.3377697389,0.4898653052
0.1987730487,0.3825078095,0.4856350158
0.2278170219,0.3794857484,0.5466216932
0.3691963651,0.2846811164,0.5248383276
0.1693907116,0.4240331419,0.4848329641
0.311952317,0.2191290437,0.6444073556
0.2122761921,0.3972667544,0.4931249303
0.1987002756,0.4019187347,0.5412500656
0.2113578347,0.4093079016,0.4563342972
0.3289227789,0.2751663309,0.5730599707
0.252553172,0.4125581064,0.5048143435
0.2860244921,0.2221397431,0.6424623063
0.1829013144,0.4462855549,0.483960166
0.291384346,0.5500469796,0.3147701155
0.2577692379,0.4592265321,0.4166878832
0.3519863978,0.4475945634,0.3445968569
0.2268190126,0.2583240059,0.6301943759
0.2225855518,0.3477316183,0.5724265508
0.1804670705,0.4498138906,0.5401419172
0.1656746793,0.438939629,0.5519709176
0.2919096989,0.329364452,0.5321176418
0.1874980549,0.4463602436,0.4749454998
0.3097395909,0.3527416276,0.5144284146
0.1964395942,0.3979120512,0.5394681478
0.3765690046,0.211265781,0.4880676805
0.2099602241,0.2331192072,0.7403467336
0.2744685696,0.3971455737,0.4443281881
0.3131944771,0.3874910842,0.4727416876
0.2654096829,0.4099532955,0.4790134113
0.3912695652,0.5672758125,0.3387843555
0.2502077401,0.3557032043,0.5852155601
0.2499775981,0.4520755299,0.4468590947
0.2911387671,0.376224751,0.5514958288
0.2620744684,0.4288752659,0.4252752658
0.2526893894,0.4074360946,0.4711874276
0.2738726488,0.3589579318,0.4995413807
0.3205886124,0.32088619,0.5307532663
0.2819801724,0.439258377,0.434393016
0.3201360466,0.3717960952,0.4826641663
0.3660130058,0.3482200295,0.4225285656
0.3342323451,0.4135952004,0.5480715433
0.282424061,0.3543962126,0.5561584217
0.3399750081,0.3648623607,0.4735026319
0.2386022626,0.4066647376,0.5159449131
0.413716404,0.5463767503,0.3083508272
0.2456019265,0.3657957626,0.4924000769
0.2724646839,0.4120071608,0.5188912394
0.3027486317,0.3594775006,0.5315446256
0.2265481351,0.3499711307,0.5810185587
0.441651783,0.6908173523,0.1965845223
0.3085022692,0.3960935491,0.5416160383
0.3133205991,0.3757603639,0.4799618704
0.3193723819,0.2681824271,0.6023123112
0.287825329,0.4095341651,0.4737066116
0.3960999071,0.3606830657,0.401308783
0.3475066332,0.3265870862,0.4960135
0.260421823,0.4033604133,0.4786765393
0.2724827282,0.4819350063,0.4774961342
0.3213946798,0.3240705051,0.4924021133
0.3156758716,0.3413714883,0.5566174549
0.3127151399,0.382357025,0.5670314399
0.3288875309,0.3203869918,0.5330422346
0.2996225279,0.414961741,0.4757731269
0.2979370291,0.3768943208,0.5165611501
0.3696384643,0.2937693757,0.5093745276
0.3464525359,0.3739239113,0.4575916883
0.2449720679,0.4076518615,0.4990249877
0.2908547158,0.4115015527,0.5748716081
0.2918651305,0.3212748596,0.4585243112
0.2502727925,0.3619753649,0.5224769185
0.3073704525,0.3891915226,0.4997659982
0.3457594493,0.3980276671,0.4467105984
0.262243562,0.3234236648,0.6104914258
0.2333353188,0.4536771124,0.5404809989
0.3335388898,0.318350136,0.5116024409
0.3067387609,0.4022667866,0.4620601253
0.3294481695,0.3433633267,0.4575813963
0.3463003956,0.363556331,0.529952295
0.2467785301,0.4548244653,0.4594296263
0.2945731572,0.4140843178,0.4353246843
0.3606712589,0.3389403145,0.4863130266
0.3079830032,0.3331310396,0.5331189414
0.311235807,0.4693146794,0.4410483839
0.2561730759,0.3913896172,0.5382446954
0.3590569661,0.3704402159,0.4472267967
0.2929343685,0.3164993022,0.5720138236
0.2614509035,0.3690902103,0.5319090824
0.2588876696,0.3924950252,0.4814616536
0.2668730099,0.362411463,0.5250560762
0.2644189067,0.4135056167,0.4377916131
0.2788892221,0.4035431768,0.4817805461
0.3364179362,0.3299571275,0.5456610185
0.2499012437,0.4223493989,0.5270356698
0.3264474494,0.3680667489,0.4515012586
0.2659930312,0.4969427568,0.4747099161
0.3875196623,0.4195548592,0.4541396205
0.3504614876,0.359736272,0.4710025448
0.33923285,0.3284828364,0.4844481639
0.3343994279,0.2951289865,0.5826816726
0.366326468,0.4001603416,0.4216025155
0.3669461924,0.3316696383,0.5700610271
0.3129741508,0.4259530824,0.4742305954
0.2950523483,0.3537408856,0.4217755044
0.2960231398,0.4097659854,0.4117078639
0.2788959256,0.4883501193,0.3388705639
0.2561631493,0.3902330459,0.5483465356
0.2832467244,0.3736703529,0.5632846645
0.302059176,0.3495186654,0.5173561461
0.3149527607,0.386219088,0.5067151474
0.3070733382,0.4392148473,0.3452096808
0.2967682692,0.3605129581,0.5200135561
0.3351853683,0.3671351446,0.4826735208
0.3088257383,0.4150120718,0.4778217592
0.3444149739,0.3747685139,0.5006367122
0.1167190846,0.4822787096,0.5488651529
0.2785807815,0.4270676816,0.5051228204
0.2885575904,0.3990906988,0.4911724886
0.2556933849,0.3530457837,0.520128418
0.3092521361,0.4097254017,0.4567663767
0.3255278588,0.3274470205,0.5542994974
0.3401337554,0.3808154567,0.4978146275
0.2212241212,0.4384529603,0.4919335104
0.222878018,0.4711343869,0.4501469276
0.2542292703,0.3130870304,0.5938267034
0.8458167721,0.2595743934,0.1715649851
0.3703161016,0.2911846971,0.5666461632
0.3396149857,0.3652352134,0.4877557688
0.5781897963,0.5170350881,0.2308731544
0.2768115437,0.4466268154,0.4472558687
0.2381021027,0.3911517208,0.4979239566
0.7722404401,0.2974689601,0.2642316054
0.2608920404,0.4034470958,0.4181845199
0.272235314,0.3531288624,0.6245163901
0.2778955008,0.3987821765,0.5082810737
0.3460523309,0.3176103586,0.5191621154
0.3310943401,0.3339649508,0.5885988081
0.2138887936,0.4623389667,0.4319902401
0.2484837037,0.3749380688,0.5014179625
0.3573913203,0.3832320516,0.529704463
0.2655885497,0.4153560528,0.4759990184
0.3567440141,0.3444199906,0.4891784313
0.3254377266,0.2961355088,0.4874840731
0.2032562985,0.4335944056,0.5664193421
0.3081873902,0.3908177419,0.3956685961
0.3448530229,0.3845430383,0.5394488676
0.2199097694,0.3380552349,0.614720635
0.4869386089,0.5877293408,0.2026585506
0.2266853313,0.4636779199,0.496825124
0.3095070657,0.3567537014,0.5361706787
0.2938118586,0.4201969883,0.4544167327
0.2736996836,0.3559528586,0.5743602363
0.3676461037,0.5075950909,0.3549137501
0.300287201,0.3900642456,0.4888893308
0.328481608,0.3411894335,0.5462333618
0.2836854197,0.3218121317,0.5344379171
0.3234809476,0.3398321762,0.5005810405
0.3006531144,0.3951809194,0.5257907254
0.3112215706,0.3329889849,0.5531641186
0.3009858348,0.3463733227,0.5426405467
0.2942310721,0.3234360709,0.4854487061
0.1295992231,0.4675889767,0.5188924447
0.2948696958,0.4384606131,0.4775846591
0.2298261827,0.5324354417,0.411108373
0.2580547909,0.3935175116,0.5217143016
0.3033555527,0.3378876824,0.5048074887
0.2745306912,0.3782694345,0.4832940612
0.2742247539,0.4377191939,0.4273650721
0.2783834697,0.3457738635,0.5353657237
0.2147241422,0.4331723959,0.4871908837
0.270137168,0.437271015,0.4527553832
0.2414743502,0.3805672644,0.4727168064
0.2696007569,0.4054147606,0.5089901949
0.2631665961,0.4438648255,0.4835089974
0.2578034019,0.4371334008,0.5102556172
0.3151721236,0.4450427157,0.416740305
0.2782945613,0.4266644088,0.4815577797
0.3300145324,0.4023478094,0.4657088801
0.3234072445,0.3341342359,0.5192909606
0.396950193,0.3181770887,0.4022206237
0.2865032263,0.4683800553,0.4578296124
0.3111272821,0.3578373136,0.4536708382
0.2703875245,0.2038393525,0.7021831116
0.5704400289,0.4353086882,0.2069441357
0.3227565809,0.3588010075,0.4340035289
0.2947205099,0.3449654422,0.5170271651
0.277433417,0.3693130252,0.5145440088
0.2658614781,0.4510595648,0.4851494441
0.3579140083,0.2837578609,0.5085882634
0.3857929476,0.6905994865,0.2552929652
0.2249136862,0.4364702315,0.4889321475
0.3451262516,0.509096222,0.347257632
0.2606972082,0.4267731086,0.5088550167
0.4345890669,0.2176834418,0.5530807413
0.2779206695,0.3230527473,0.5631994601
0.3470432462,0.3897304275,0.5111937746
0.3826182697,0.6053747306,0.3359767081
0.3741065801,0.5109083918,0.344414601
0.1949395575,0.4981676819,0.4744267789
0.3050075812,0.3868452449,0.439554637
0.2284563484,0.4450552539,0.5680715219
0.3010197287,0.3668174909,0.5528998465
0.3565866941,0.3108690944,0.4886856659
0.2441228854,0.4125639686,0.5402372017
0.324511768,0.3490312988,0.4866046089
0.2765693476,0.400486117,0.4724806006
0.3416954174,0.3314397199,0.5347598648
0.335614868,0.3855526739,0.4644961923
0.285062216,0.4244630276,0.4763005455
0.3428778462,0.4184314343,0.4968747655
0.3469605933,0.3188951358,0.5288057457
0.2822205216,0.5013015355,0.4206029031
0.2196808029,0.4246450456,0.5297734861
0.1792198573,0.4197911808,0.4237568871
0.2463468355,0.4773263134,0.4678001926
0.3318786631,0.3831739693,0.4609554072
0.282938082,0.5131301335,0.3586681311
0.3896228158,0.2413503234,0.5664375854
0.2682217419,0.3884931032,0.4896870728
0.3033083855,0.3145613558,0.550238926
0.2488789081,0.4210351173,0.4888332747
0.2748339024,0.4676776552,0.4795415488
0.3055881231,0.3682797,0.5389289106
0.2827480621,0.3609994552,0.5098864942
0.2436492421,0.4092408285,0.4938552393
0.2719857453,0.3629036535,0.5310561989
0.2356536135,0.4528507296,0.5173715927
0.2744702471,0.359263165,0.620678932
0.3126482494,0.3257759066,0.5475085179
0.3047640478,0.361130629,0.5262238908
0.2465947628,0.5164600591,0.5180357605
0.2781556982,0.326052739,0.5819317615
0.3503382961,0.3334431609,0.5684174698
0.3251333271,0.3907119184,0.5648732725
0.1965778214,0.4782683451,0.5192717323
0.1927340859,0.4370743984,0.461356993
0.2925268061,0.3979592727,0.4460386897
0.2557305759,0.4471265024,0.4755122973
0.2980051574,0.3651109582,0.4282083335
0.288617658,0.4390030818,0.4531786825
0.2432770211,0.3288459897,0.5007643666
0.358746776,0.3840359653,0.4350967682
0.2487613358,0.3726498356,0.5277630127
0.2882748443,0.3890798129,0.5203035892
0.2655186924,0.382666537,0.5321033651
0.3163337976,0.3508903218,0.5281684918
0.2677296652,0.3574716614,0.5340480355
0.3583973839,0.3803441689,0.5441849147
0.1903917594,0.4730675668,0.4358950841
0.2820450916,0.4005586456,0.4491869964
0.2549358635,0.3925804205,0.5241070259
0.3334148056,0.3637727709,0.528808141
0.2651654183,0.4468151828,0.4305885487
0.3571990543,0.3649392519,0.4999840241
0.3270256102,0.3915592271,0.4587485267
0.250195705,0.4454047956,0.5267341193
0.2558595679,0.3430694163,0.4881483696
0.2504892131,0.4068498538,0.4729852439
0.3111327801,0.3587393007,0.456303551
0.3071047603,0.3683759621,0.4362851716
0.2805601118,0.2472648044,0.6053107339
0.2985191322,0.363811688,0.5703436342
0.2739094962,0.4276387589,0.420328461
0.2750361743,0.3735886582,0.575735639
0.2984092721,0.4028372473,0.4979101751
0.2307322723,0.3805700213,0.5369948604
0.2490334321,0.4294672697,0.5165576564
0.4138666765,0.2995170404,0.5067337209
0.243232799,0.433448308,0.4645745634
0.2067204174,0.3996967444,0.5525239736
0.4122027873,0.1691699845,0.6133696753
0.2865500215,0.3919009248,0.5086134181
0.3129153903,0.407862957,0.4918328201
0.3115887776,0.4540139219,0.4101109259
0.2102338741,0.4749747637,0.4648992192
0.2707359703,0.422397572,0.5287491104
0.2604505792,0.4439165923,0.4735308565
0.3263612893,0.3781095038,0.4491114935
0.0737176959,0.5460766072,0.4926994393
0.2578703943,0.4454899108,0.507914789
0.2818656523,0.3774284671,0.5063508701
0.2818862729,0.421390192,0.5036948054
0.3343005632,0.4711522739,0.4163150029
0.2684254663,0.3784047172,0.5484926846
0.1867771619,0.5009043255,0.4749733368
0.2512214509,0.338982253,0.5981955177
0.2898243079,0.3796362639,0.525982527
0.2418547561,0.4128261307,0.4296231457
0.3495443056,0.2355251061,0.547473437
0.1800550833,0.4315944463,0.5242887144
0.2774152812,0.3068292597,0.4907731409
0.1345814677,0.4703123385,0.5598927129
0.1947859146,0.3442235086,0.6171237739
0.2935456886,0.3031550099,0.5758226354
0.2517325288,0.3263895808,0.5984648738
0.1945576525,0.4371291385,0.5354074191
0.2025692061,0.4192218505,0.5430149332
0.2338393102,0.3892512171,0.5091254445
0.2666750649,0.3126586756,0.501745719
0.1546618904,0.4667600883,0.4935624063
0.2010561192,0.3281777299,0.5789031987
0.3249695365,0.2788161629,0.478213098
0.2846922254,0.3150993305,0.5203028874
0.3545747722,0.5175726459,0.2908971005
0.1965984377,0.4251068601,0.4652214684
0.1636979195,0.4598724727,0.5528168535
0.2102881809,0.4420470989,0.4628187972
0.2203678157,0.3511406942,0.5023052022
0.1538436081,0.4851774572,0.4707068479
0.2125097707,0.3896432246,0.5058509774
0.2089302421,0.3762219528,0.5423132059
0.1931865408,0.4148127717,0.5833257958
0.185995358,0.4131821332,0.5511218133
0.2230618826,0.3674545533,0.5352084273
0.2711772001,0.3755378271,0.478685887
0.2285374591,0.3969697375,0.4928311996
0.2645557319,0.30084209,0.5477658796
0.3181978469,0.3180180745,0.4582006443
0.2117183333,0.4238521328,0.578745621
0.277294468,0.2632721783,0.5613819396
0.1975681192,0.4725406659,0.3933728093
0.194008296,0.4021593932,0.5706494911
0.2811871902,0.2278639222,0.6038261769
0.3624592725,0.2765366934,0.5054894359
0.3518232236,0.3285185439,0.4292170738
0.2552949303,0.4003600196,0.4739270065
0.2190059719,0.4445788486,0.4713459302
0.2450343564,0.3989748649,0.5352695496
0.2447806697,0.3649634147,0.5431702366
0.2619294022,0.3397697472,0.5120053789
0.3779101788,0.3811068277,0.3620137251
0.3345176289,0.2952920554,0.5264116658
0.273969941,0.4071070297,0.4344881826
0.2156258075,0.4629916997,0.4441929836
0.2630482047,0.3273613437,0.5730716328
0.2435197508,0.4006278478,0.5505407782
0.1506607836,0.4306387381,0.5492551835
0.2040194825,0.3742597833,0.5890330386
0.2382007163,0.3856300161,0.5346467172
0.1755540783,0.4168154677,0.5462970356
0.2816814712,0.2920875022,0.5219100811
0.1740356649,0.4386675977,0.4908302202
0.2168472865,0.46440745,0.4564895773
0.2297316931,0.4100736468,0.4828926723
0.2585128865,0.3492010854,0.4991021999
0.2316296971,0.3158165509,0.5329231735
0.3054503737,0.3682893142,0.4713124905
0.3963650301,0.3025940444,0.4311901604
0.2235432396,0.4061634959,0.4688163998
0.1890002264,0.4210497506,0.4608380283
0.3227322389,0.3156535241,0.4622003187
0.2805162014,0.281372436,0.5852153644
0.2586967682,0.3936911635,0.5472447666
0.2295792436,0.3999386604,0.5368955169
0.2693479147,0.3334663789,0.5298212654
0.277544243,0.3535389206,0.5293075307
0.2168676868,0.384964042,0.5303138736
0.1643242428,0.3719437078,0.6340206186
0.2450388051,0.4183166783,0.4468062863
0.231963323,0.3650425381,0.5372344053
0.2362759178,0.3482310479,0.5407320894
0.1969653122,0.4408185757,0.4758819145
0.3219195161,0.3946592966,0.457711699
0.2074786228,0.4146161897,0.4236256623
0.1809181607,0.5292206117,0.3435684658
0.3631820016,0.2462030451,0.5804941953
0.2042304329,0.4876650034,0.4483973741
0.1944044976,0.4494261073,0.4470097969
0.2183464337,0.3500387447,0.4913270553
0.4026469772,0.3548191883,0.4736418271
0.2083399479,0.3648738111,0.5084507567
0.1931775706,0.3994379096,0.5389044798
0.2015824234,0.4444562369,0.4450055357
0.1749521824,0.4586251079,0.4747745787
0.2540401311,0.3062408923,0.5637931643
0.2122242847,0.4391218207,0.4827744583
0.3768797966,0.2562025493,0.4751556191
0.2375935953,0.4123793991,0.4925022273
0.2302347447,0.4022844272,0.4915195462
0.216620442,0.4324641392,0.5157740845
0.2550461565,0.3251048157,0.4767555873
0.3060531026,0.2719880454,0.5798335784
0.2161733502,0.3051056334,0.616169385
0.2361153169,0.372727006,0.4998294563
0.2191472497,0.3699745661,0.5540052067
0.1821395217,0.4430729318,0.4649676227
0.2832035129,0.348676285,0.5386768851
0.2212080476,0.4396547043,0.4354472077
0.2550012538,0.3237653428,0.4246787413
0.2747324087,0.318478926,0.5588526988
0.2090866582,0.4588787164,0.4594263707
0.1790686867,0.4260102672,0.545685787
0.3628045669,0.2210957328,0.6377642601
0.2567280359,0.3441616464,0.5351327068
0.3350575289,0.3170448628,0.4639649486
0.2555752131,0.3312567479,0.591555231
0.2061520832,0.3921254603,0.4990661022
0.3181543171,0.3438968514,0.4537680451
0.2146514549,0.4482409344,0.4685820542
0.1827343674,0.4150951893,0.5443217297
0.2233717822,0.4232519574,0.4617315814
0.2376946226,0.4196382408,0.4934635803
0.2472386199,0.5011331995,0.3985616732
0.1952148416,0.413551601,0.5856567402
0.2013925815,0.4607243202,0.4598559833
0.1916607555,0.44605024,0.5305755129
0.2364874926,0.3103330246,0.5816908176
0.2438590144,0.3831512009,0.6020974117
0.2530668423,0.3590612377,0.5506795588
0.2160088941,0.3920914751,0.5254156101
0.221412114,0.343654426,0.5491471387
0.1787101849,0.4412055009,0.5680607195
0.1865375343,0.4199004129,0.5412905272
0.1698320217,0.4573319874,0.5501435593
0.2966576331,0.3031947902,0.5370458489
0.2015661133,0.4684313412,0.4565712393
0.3226059773,0.3254990205,0.4659344982
0.2202585303,0.4171428461,0.5180399668
0.1953711511,0.4246110014,0.5259209089
0.256899615,0.3461371401,0.5614366043
0.2310011191,0.3811309824,0.5278469646
0.3163447497,0.2821603324,0.5170313409
0.1737259198,0.4489530683,0.5371444716
0.2566328147,0.3985617732,0.4577188692
0.2090588045,0.4517170316,0.475013897
0.2331970526,0.4066252944,0.4205769604
0.2570311796,0.3452058411,0.5651598808
0.2986070771,0.3232170931,0.5788548082
0.2891984617,0.3501027412,0.4748794862
0.3549834156,0.2930641735,0.5128425652
0.3432902752,0.3145831256,0.4740920199
0.2205461604,0.3568037002,0.5641234412
0.2908146286,0.314890353,0.4454116792
0.3449846841,0.2280405791,0.6232264649
0.220761072,0.3862966986,0.5628770615
0.2421101898,0.4108607059,0.5116051587
0.2795776511,0.302819766,0.551145392
0.2054819934,0.393298525,0.5516002793
0.3537780418,0.2657428675,0.5077412365
0.2739478715,0.3341104565,0.5696980152
0.2178756523,0.4628248502,0.4304444638
0.2147692624,0.394889245,0.4988070269
0.1717229366,0.4101553002,0.5535376571
0.2326061468,0.4014127844,0.4517907218
0.2244073251,0.446943881,0.3874318006
0.2207281305,0.446351148,0.4586998773
0.2339482966,0.3713545109,0.5208273991
0.2323809041,0.369745451,0.508920826
0.3837014674,0.2593672754,0.4690573328
0.1838925738,0.4686697267,0.4499280227
0.2434945196,0.3117911963,0.5129473973
0.1856856164,0.4351476733,0.5329702387
0.3846270425,0.2881096481,0.4969359482
0.2093890693,0.4141631653,0.4802156441
0.4194531001,0.2887724491,0.5503540119
0.2056743966,0.344493105,0.5192554872
0.2939830077,0.3047789205,0.4873566538
0.2255993273,0.4050498447,0.4879428078
0.2119174031,0.4199107675,0.5270083381
0.3579101441,0.2172282612,0.5518423872
0.3339425114,0.2511706629,0.5597571099
0.2533393367,0.3452695651,0.4822913729
0.2055166229,0.3836873058,0.5381583174
0.2506591635,0.2893032918,0.6061038589
0.3597684017,0.3165302049,0.4710357334
0.1807615618,0.4593994519,0.5546759543
0.202007025,0.4512877299,0.3968861645
0.2354864337,0.3521661589,0.5168926326
0.325066904,0.3385825697,0.5005058211
0.1830332352,0.4650772785,0.4458036893
0.2440271475,0.3880331617,0.5011076033
0.207401317,0.3293424638,0.5344988555
0.2527275594,0.3819943361,0.5023860396
0.2797564687,0.3341737644,0.5301956495
0.2253238167,0.315899082,0.5521128861
0.2556091971,0.3407810966,0.5632435016
0.2498124445,0.421204892,0.4698156915
0.2207404963,0.3664605041,0.5924112161
0.3509027469,0.2706848301,0.2494778421
0.1882280779,0.4190390093,0.4985489634
0.2144651902,0.3238325964,0.6114341001
0.1996035673,0.4330639387,0.543043877
0.2331533409,0.3093116636,0.5301594094
0.2380384529,0.3427759252,0.605461484
0.1902446433,0.4516528638,0.4892246103
0.1334207448,0.4937307953,0.5138124957
0.1990434052,0.4379999228,0.4217730898
0.2913286504,0.2388657752,0.6503532493
0.2723348051,0.3425635362,0.5040608352
0.2073424679,0.4773810189,0.4608894754
0.1984319636,0.4448326492,0.4601937164
0.2235629057,0.4235846651,0.4363016594
0.2567779862,0.3053058088,0.5203386333
0.3324408111,0.3593130701,0.4074414891
0.2069956888,0.4152997288,0.4969801675
0.242273702,0.4057424108,0.4941085621
0.2301440038,0.4072019697,0.5041201032
0.2631545316,0.3374177572,0.6020948432
0.3003819052,0.2921042131,0.5386236764
0.2211403033,0.3959893921,0.4866353449
0.27349571,0.3116855426,0.5481340057
0.1699354095,0.4303158876,0.4935862901
0.3285132214,0.3217636006,0.4973793422
0.2482357973,0.3493262941,0.5120971512
0.2163773773,0.3785776925,0.6007466148
0.1743305606,0.3927573333,0.6561830958
0.2582736243,0.3442206351,0.4795363301
0.1888517174,0.4666640922,0.4690588489
0.2228215423,0.3250660034,0.5277393255
0.277127828,0.3558631603,0.5332583432
0.1848138218,0.3716892574,0.6034451676
0.2202720687,0.4329275081,0.5008750608
0.225203342,0.3373406502,0.6292850218
0.3500517254,0.3110699786,0.4543719662
0.3090616438,0.3612667918,0.4877272085
0.2765382875,0.3319364281,0.5077478627
0.2275211715,0.3774287999,0.5257140543
0.1905322708,0.4353409608,0.5031350228
0.2148363156,0.3888640604,0.5423939123
0.2544683361,0.307365936,0.5313133557
0.1861554344,0.4378850539,0.4939726115
0.3312290543,0.2069788563,0.5949907213
0.2541493254,0.2493300426,0.6697337193
0.2359809628,0.4166735138,0.4843613526
0.2788147094,0.3337470164,0.4771857068
0.2017880456,0.3418234771,0.543659667
0.3252091221,0.3339594264,0.4982801703
0.2320283049,0.4286486285,0.3679152897
0.1608980395,0.4250063217,0.5742064522
0.4398924042,0.231793547,0.6026393708
0.2214810176,0.3969463571,0.5474706048
0.1757790092,0.4096036051,0.542235384
0.230199987,0.4423365674,0.4276799612
0.2241764371,0.3930020297,0.4731562068
0.2696024895,0.3655297455,0.4734457078
0.1966933017,0.4528504116,0.436981347
0.2630730104,0.2960640208,0.519758047
0.2370405335,0.3480095415,0.5608049901
0.2694916519,0.3292984536,0.5399822572
0.2745738717,0.2947380873,0.5591862892
0.2951045654,0.298932592,0.5432774195
0.2610945961,0.3843845614,0.5105196455
0.2654372774,0.3474035614,0.5484500299
0.193167366,0.4209747151,0.4928421974
0.3235057758,0.2849436856,0.4013100703
0.1781281533,0.4179121468,0.542167458
0.2290394956,0.4064837339,0.5056129718
0.2850963966,0.2985032819,0.5821821213
0.2569666211,0.2748705906,0.5771674439
0.306649761,0.5699733618,0.3510248688
0.2271357996,0.4007232296,0.4852009976
0.2561748867,0.4311480545,0.476353826
0.2680228611,0.3633703963,0.4616248894
0.2515780143,0.4370087233,0.4660864808
0.2625344644,0.3752776249,0.5022772497
0.2257093258,0.4216204248,0.5663498342
0.2141691332,0.4013414556,0.5153160971
0.2834303504,0.3158245216,0.5727352358
0.2783900639,0.3432041798,0.5589458985
0.2332835496,0.3853156195,0.5017689449
0.3315690843,0.2091916782,0.6054639245
0.2520803177,0.37906617,0.5091978687
0.2543524367,0.3137635561,0.498599329
0.2461122986,0.4051446727,0.5323061957
0.2152539498,0.4337518368,0.4735560124
0.2461627735,0.3414930881,0.5497653333
0.1926432602,0.4395053473,0.4661508629
0.2620624815,0.3263186039,0.5737401698
0.2077619147,0.4006875842,0.5536769634
0.1661329991,0.3987188436,0.574296849
0.1764944859,0.4158012806,0.5473157546
0.2489562528,0.341861235,0.5367859496
0.2717049923,0.3112449483,0.5729901096
0.2239248884,0.4084139833,0.5126064226
0.211794009,0.4245911326,0.4773924263
0.1896898617,0.385377077,0.5488162868
0.2445424097,0.3639889394,0.609946405
0.2663696854,0.2662275684,0.520161646
0.264756826,0.3234855441,0.5854290956
0.1988000643,0.4422861782,0.5042915797
0.2170343521,0.3929529697,0.4998950077
0.2544581537,0.3615723256,0.4547801606
0.3309164501,0.3361940502,0.4743119244
0.2150096807,0.4256956963,0.5046105838
0.2570661187,0.3959129479,0.4896792329
0.240583401,0.3615106141,0.5560004555
0.2531344794,0.5511028144,0.3328094902
0.2972702729,0.3280169185,0.5108721144
0.2719498717,0.395304205,0.4177085269
0.2239733988,0.3995484175,0.4314390577
0.2592660367,0.2783250398,0.5999734593
0.2376624298,0.398559747,0.5643809055
0.2177279325,0.3118965834,0.6451856704
0.3350611272,0.2350007666,0.5714031954
0.2102089622,0.429455884,0.5401859387
0.3758419412,0.2367442479,0.5451877349
0.2080917545,0.3915322597,0.5328335338
0.1882216385,0.4346032733,0.5501038754
0.2718211664,0.3014388135,0.5383054149
0.2713678164,0.248451931,0.5459650443
0.1587227677,0.452832687,0.569456445
0.2035592092,0.406503291,0.463467978
0.2134898163,0.361012258,0.5309113494
0.211942114,0.3724613952,0.5101971229
0.3227819122,0.2934827706,0.5363366613
0.2532354865,0.360508817,0.5126993585
0.191595932,0.3811104637,0.5471167399
0.2417189945,0.383237814,0.4772749425
0.1974376674,0.4274109968,0.521247743
0.235817122,0.3620941491,0.5089355023
0.3358503515,0.3262324805,0.512896102
0.246832949,0.4010308055,0.5138052599
0.3200991273,0.2420612079,0.6155326821
0.4215091668,0.563244046,0.2727890755
0.2687652274,0.3368376325,0.4822085187
0.2978152912,0.2443037011,0.5901030798
0.2915126144,0.304670332,0.5539099356
0.2089626056,0.3812948883,0.5189879201
0.2906469267,0.3729057844,0.4602508724
0.2748473838,0.3684925078,0.4507118303
0.286829656,0.320862698,0.531951202
0.1864162973,0.4771182239,0.4785210714
0.212432217,0.4042304264,0.4996605979
0.256999359,0.2897648644,0.5274514741
0.206264772,0.4273865304,0.5249172176
0.235123565,0.2993513563,0.5430868929
0.2533031769,0.2966149224,0.5876295421
0.2770160186,0.3674462176,0.4441645826
0.2465644369,0.4105748434,0.4687991091
0.2483563633,0.346335924,0.5546787245
0.176463582,0.4382932222,0.5112230566
0.2323252292,0.4151900831,0.4937919787
0.2640268767,0.3843241586,0.4460558718
0.2483987553,0.3669163785,0.5369018077
0.2141421834,0.4661786019,0.4566504805
0.2442876301,0.3034042838,0.5005569329
0.2376798944,0.3973655399,0.4796441739
0.2577496407,0.3312366117,0.6274530407
0.3150049564,0.3562669606,0.4743681772
0.2369269824,0.3806555892,0.5236082762
0.1858743208,0.3909944185,0.5663852058
0.2119030292,0.4228582877,0.5486064925
0.2424774267,0.4547151032,0.4823717892
0.3669717124,0.1776173107,0.5862050794
0.3284594811,0.37431665,0.4744951594
0.2035747036,0.3939003326,0.5639483388
0.2197450701,0.3959593288,0.6010695233
0.2089279508,0.3350833315,0.6019432585
0.2614406985,0.3657041159,0.4795007017
0.2317706632,0.4353712125,0.4924698578
0.2594255786,0.3014690371,0.4770987128
0.222437147,0.4335416203,0.3946578077
0.2833684986,0.2996993177,0.2534563628
0.2066458086,0.4100986415,0.5569742394
0.2085653762,0.3208971202,0.617551288
0.2449067968,0.3866480098,0.5254889989
0.2199652544,0.393636567,0.5012494806
0.2216938141,0.4372726839,0.427775917
0.2926083901,0.3247009915,0.5198817823
0.2151889197,0.388207072,0.5103787727
0.3183422105,0.3228726096,0.5198941402
0.1687825355,0.429315624,0.4553042685
0.3418319829,0.2255079295,0.5382496484
0.2968171012,0.3643175517,0.4175215401
0.2094043059,0.4060342742,0.5689235539
0.2824598055,0.3269885833,0.5386593802
0.2138241136,0.3719990423,0.5210554905
0.2666714655,0.3573482893,0.5409679591
0.2127565358,0.3508885242,0.5856017266
0.2192614987,0.3432641138,0.5534300531
0.2179133054,0.3721698838,0.5624148686
0.2128537838,0.4009454433,0.4956659398
0.3077851785,0.3435927418,0.5515369629
0.3746980547,0.257071266,0.5692878222
0.2498532354,0.3604734919,0.5567895184
0.2449809492,0.3357440552,0.6098290507
0.2014104399,0.4298799667,0.4728455681
0.1850123522,0.4312109895,0.5298768386
0.2359989983,0.4219951743,0.4830535251
0.2247707226,0.4265395255,0.4565776818
0.211216192,0.3697261846,0.5545183039
0.1713661101,0.4644425281,0.5058803277
0.2598007896,0.3517201938,0.4058636448
0.218342499,0.483224498,0.4256198802
0.2601924118,0.3260066509,0.5544429543
0.1748020392,0.4502445849,0.466211585
0.2660417289,0.3268965008,0.5967632762
0.3479517341,0.3887005139,0.5131039897
0.2004307258,0.420840381,0.4638659134
0.2480995081,0.4230590296,0.4722485933
0.2117961378,0.4213765598,0.5144980384
0.2848494122,0.3071724455,0.5906537107
0.2068822159,0.4356050944,0.458106123
0.311952317,0.2191290437,0.6444073556
0.2627195724,0.2580422663,0.5931764001
0.2206763054,0.4027203131,0.506224595
0.2150208176,0.4472975172,0.4087168692
0.2823024056,0.372392437,0.4944376234
0.2702176638,0.3058146113,0.4770435117
0.1727637632,0.4108778853,0.5327407885
0.247128971,0.3227424874,0.550555467
0.2219250139,0.4400126966,0.4781314374
0.1908298474,0.4764428995,0.4428593197
0.3364759685,0.2640876291,0.5338246472
0.2268190126,0.2583240059,0.6301943759
0.1895389009,0.4407031617,0.461364219
0.165590532,0.4177772094,0.5517758166
0.2246796014,0.351283011,0.5375716912
0.2296664687,0.4225494723,0.5036568056
0.1748674873,0.4558466384,0.4544256651
0.1988969523,0.4294501155,0.545456071
0.2150814402,0.4022178738,0.5179478366
0.281585115,0.3350004186,0.5202570743
0.2840621273,0.296137854,0.5815187439
0.2095038136,0.4274283495,0.4935662382
0.249567307,0.3817773228,0.4745697933
0.3326951752,0.465397396,0.3599866571
0.4482602942,0.4754098475,0.3454336022
0.2453142844,0.324640047,0.6189274691
0.2439767644,0.4209469456,0.4576501059
0.2745781742,0.362942656,0.5066190881
0.2640009393,0.3371918091,0.4766117419
0.1739026425,0.4237671636,0.5054749061
0.3056666859,0.3943999994,0.4782822892
0.318469268,0.3123948404,0.5049652292
0.2872296163,0.3978295359,0.4301204754
0.2917608829,0.4218187347,0.4447435019
0.3263832509,0.3838654713,0.4111292884
0.3227958233,0.4312587018,0.5535199127
0.2480921014,0.2819325702,0.6372586408
0.3182033354,0.4220099949,0.4530659713
0.2989010811,0.3009828034,0.5301478528
0.2679890934,0.4224830627,0.5101784204
0.2200705687,0.4095878353,0.4518769407
0.2588755967,0.4166419434,0.5192956806
0.274944404,0.4247452075,0.4914423639
0.22550922,0.3699640553,0.5575864782
0.3851242156,0.4253936948,0.4384859144
0.3212741733,0.3459695966,0.567406031
0.2484416994,0.3803439287,0.5192696658
0.1726102113,0.3784323599,0.6067411439
0.2704635467,0.3791912345,0.6004383347
0.3174229639,0.3699807692,0.4668210513
0.2799737074,0.3547981154,0.4745599099
0.2712420644,0.3906639241,0.5102437901
0.3053338604,0.4474306464,0.4911416205
0.3218478956,0.3278638064,0.4884283171
0.2140919028,0.4312401487,0.5110705206
0.3294030775,0.3857566412,0.5451704156
0.320157092,0.3216795408,0.4655440257
0.2611841202,0.4330113043,0.4746620525
0.2919984626,0.3545599496,0.5160526728
0.2839093246,0.3444831255,0.5399086576
0.299159403,0.3709943945,0.4687914887
0.2666019486,0.3172882077,0.5638473884
0.2181924508,0.5595111415,0.4128395997
0.2533236145,0.3056721544,0.5220432736
0.3068993169,0.3163342111,0.5188605287
0.3054440481,0.336814066,0.5414338809
0.3252667198,0.3355061163,0.5063421668
0.2356152091,0.2834903925,0.6085111732
0.2579268712,0.3669712833,0.5561770565
0.2197094056,0.4186914362,0.516087416
0.2506495856,0.4693579683,0.4022407908
0.2606127273,0.309067468,0.4987413082
0.2993722492,0.6577617548,0.264899639
0.2629469468,0.3921842502,0.5061616834
0.4137884743,0.4563874209,0.2560858051
0.2853375853,0.3973726076,0.4454379221
0.2848034951,0.2687302834,0.5495616728
0.2860784851,0.4351278066,0.4742772444
0.1851152393,0.4328188724,0.4849266614
0.3671136758,0.3350255197,0.463986233
0.2903452256,0.3532843761,0.5391573515
0.286181228,0.3331192384,0.5170920709
0.3122682259,0.3659360686,0.5262379025
0.2870452801,0.2741441391,0.6071529301
0.2826015717,0.3864599738,0.4315319821
0.2964577065,0.3490633196,0.4871184764
0.3121446852,0.3490581517,0.5097409881
0.2439224013,0.3765725448,0.5411506854
0.190870648,0.3964888326,0.484445662
0.2948388106,0.39210528,0.5133084599
0.3554281847,0.3185082019,0.5476958497
0.328792346,0.3804170386,0.4665152832
0.3532200001,0.3103296756,0.5010856172
0.5381576158,0.5207317445,0.1467815821
0.2415899966,0.3828312003,0.4641431926
0.3582691761,0.3545381263,0.545002539
0.299267354,0.2881449949,0.5867632338
0.4655152627,0.1955917734,0.4125383409
0.2353724779,0.4116072216,0.4275455098
0.2870058474,0.4341193187,0.3482044225
0.2795923251,0.3358866688,0.5954402017
0.2736618393,0.3195587639,0.5952247811
0.3050593963,0.3908617458,0.4767851535
0.2314171943,0.445649938,0.5025823573
0.307423532,0.4375172361,0.3462399337
0.3191587314,0.2892260589,0.5559970217
0.2800177354,0.2925541606,0.545057985
0.2879209055,0.3851734057,0.4948703508
0.3483262309,0.3491736236,0.5340203447
0.1299432088,0.3240626733,0.6455371234
0.3041949047,0.384679531,0.4970668198
0.2658163301,0.3558723868,0.515598016
0.1990004858,0.3957736579,0.5036032706
0.2529598791,0.4178129137,0.4723032593
0.3205970501,0.2962082753,0.5442776989
0.2879382233,0.4387394847,0.4757828432
0.215698384,0.3974761551,0.5548852907
0.2495333327,0.3802861909,0.4642622388
0.2750022543,0.3315989813,0.519205432
0.6586126792,0.265865699,0.2532241656
0.3336264268,0.2972653735,0.5648882486
0.2926903779,0.3156931478,0.4861985726
0.6482437606,0.5030019495,0.1766236252
0.2390715537,0.3123385023,0.5989677076
0.2001818968,0.4164176546,0.5274941096
0.1999510063,0.6237825961,0.3337349649
0.3011635723,0.2916180136,0.5184789854
0.2184238752,0.3983742548,0.5903516138
0.2736932985,0.3665790948,0.5465677004
0.3005284503,0.3581618514,0.4971981603
0.2922257353,0.3486115032,0.615764897
0.1563769757,0.4485690035,0.4743693815
0.2226004317,0.3212049131,0.5483152101
0.314345481,0.3565638784,0.5193100858
0.2684436653,0.396319024,0.4913929992
0.3061660719,0.4021801363,0.4736678358
0.2763841625,0.3314080042,0.496233531
0.1644052586,0.4644626382,0.5200189216
0.327650219,0.3215942036,0.4792386009
0.3303931059,0.352067187,0.5494466346
0.0960794087,0.4536543221,0.6134554759
0.3645395042,0.3066232284,0.502755534
0.2514823689,0.379971755,0.5279671707
0.2974813786,0.3132030419,0.549782674
0.3036083901,0.2884683667,0.5467175669
0.2770745142,0.3574471233,0.548649632
0.2346245092,0.4160077984,0.4748671928
0.3259738632,0.4275266203,0.4776714769
0.3505936578,0.2304219937,0.572273246
0.2971435594,0.3020277768,0.5212915031
0.3320572708,0.3141391715,0.4885313082
0.2289846692,0.425314969,0.5286931703
0.2932439727,0.33186255,0.4979714103
0.1928258038,0.4377848873,0.4980859246
0.2932378604,0.3293274355,0.4893254518
0.166556373,0.4258326797,0.5136230435
0.2949614869,0.3151022274,0.5687256459
0.2705168405,0.4957275678,0.3283905096
0.1429303485,0.4221212709,0.5707473531
0.256420731,0.3661230964,0.5854195572
0.2342712763,0.3360141261,0.5173026881
0.2700257326,0.4502945587,0.4522031493
0.289311648,0.3064100456,0.5274054101
0.1734904375,0.4456062526,0.4701405963
0.2889433016,0.3189628786,0.5555505424
0.1823090429,0.3983163247,0.4928460404
0.287613021,0.3567046995,0.525067414
0.2475283941,0.4003372695,0.5423421176
0.2592901964,0.360906839,0.5693710762
0.2840347549,0.4676115657,0.4048661358
0.2233925686,0.4568270598,0.4551274182
0.3224696986,0.3225869543,0.5261840653
0.3756576444,0.2455909453,0.5374448671
0.2929796525,0.4517353145,0.4286956194
0.3174264075,0.392937177,0.5316827531
0.2747345462,0.3314001756,0.4664327517
0.2925542752,0.2561965481,0.6107413997
0.6170204315,0.5051537247,0.0818379002
0.2919933013,0.3907459615,0.4210081466
0.2648481392,0.3689580137,0.4956849884
0.3146853654,0.3640638734,0.4912305832
0.2776237702,0.4005497551,0.4416300676
0.3193780269,0.3220444297,0.4740782671
0.2708621913,0.3985888223,0.4627726602
0.2884635019,0.4302106334,0.4719533725
0.5202619608,0.5235713772,0.2627517736
0.2343670331,0.4534873376,0.4852909794
0.3621379268,0.2218843102,0.631245612
0.245705447,0.2548999564,0.604899191
0.2908738713,0.4210601324,0.4646400054
0.265131804,0.320078699,0.5860856313
0.1986765916,0.4063793482,0.4569300908
0.4749164358,0.2189930377,0.4661956187
0.2747882229,0.3772612518,0.4501246978
0.262112008,0.4116184378,0.5688886698
0.2286410431,0.40507625,0.5703030665
0.3468856375,0.3134881308,0.4979559538
0.2245413576,0.3295317683,0.5224396286
0.2650698106,0.4009024034,0.4964272237
0.3056596315,0.3290607926,0.5071600089
0.3064111792,0.3739870877,0.4603068399
0.2888170548,0.4098862573,0.474992952
0.2743510524,0.3942595169,0.5496850719
0.2666880959,0.4603102919,0.4970473421
0.3543832871,0.2950907738,0.5388561112
0.2733788949,0.468416429,0.4345851784
0.2282849599,0.434949114,0.5072775108
0.1814397478,0.4425777063,0.3683064327
0.2388021677,0.4526879493,0.5231460922
0.2723500834,0.3916699491,0.49209333
0.2402609787,0.5228022537,0.3967524717
0.3021738152,0.3329985885,0.5068923202
0.2812611045,0.3791406102,0.4731304047
0.2669761532,0.3677591339,0.5078396992
0.2278434972,0.3943040411,0.513135811
0.2980509363,0.3913688564,0.5250698426
0.1201523055,0.4822227104,0.5591725832
0.1557225643,0.4185807552,0.4734453409
0.2449384879,0.3467882757,0.5484355017
0.2892785445,0.3307577643,0.5197831456
0.2675465737,0.3448410353,0.5895183192
0.321446585,0.3051351387,0.447669727
0.3125566828,0.2064576529,0.6432006167
0.1949186097,0.4207387548,0.5531391091
0.2408533159,0.3783733752,0.610081795
0.2160986365,0.318236982,0.6260847097
0.3155712567,0.3113744482,0.5042498952
0.3477616634,0.344184035,0.507972752
0.1747033061,0.4412205114,0.451094028
0.203821531,0.3451412114,0.4893064721
0.2925268061,0.3979592727,0.4460386897
0.224608544,0.4362995751,0.5318151945
0.2875990865,0.3258849591,0.4827367228
0.3180380206,0.3442447546,0.5447861958
0.1502159768,0.4699354209,0.4230469955
0.3575086927,0.39261689,0.4087224402
0.1983661608,0.404810625,0.5710135569
0.2609891852,0.3823508961,0.531983927
0.2644161258,0.3491044854,0.5562086916
0.2823533705,0.358335045,0.5603443281
0.2062765083,0.406814841,0.5351309418
0.3190689001,0.3070955625,0.6141233937
0.1680725787,0.4230393037,0.4960762435
0.3057703652,0.4938362904,0.3442583791
0.2159755263,0.3087277817,0.5808951315
0.2713077818,0.3604363108,0.540388111
0.2718023156,0.3438200886,0.4973912263
0.3483215886,0.3556113167,0.4570355956
0.3161111132,0.3662419121,0.4794812668
0.2134955709,0.42989271,0.3210542444
0.2551041699,0.3529331197,0.4566903908
0.1741287679,0.3487395225,0.6264248067
0.2234123879,0.3937542606,0.4758049927
0.33865315,0.3404926628,0.4539342794
0.1527246712,0.3605546648,0.5818235948
0.2556489413,0.359727771,0.610938243
0.3008087277,0.3778914151,0.4372505319
0.3107553764,0.3101351249,0.5924978662
0.3572588597,0.3974137155,0.4855553289
0.2455731646,0.3368967518,0.5590257788
0.2517374516,0.3924314272,0.5400944192
0.3929444444,0.2793640423,0.5271441317
0.6739333702,0.3541276922,0.1766813768
0.1957647484,0.4378724789,0.5125665156
0.4461399126,0.2138928079,0.5080325883
0.3566877221,0.3047940056,0.4896815669
0.2908948388,0.3726710688,0.5251859657
0.4144718724,0.4712083195,0.3472696831
0.1964919813,0.504299012,0.4180920791
0.2611520652,0.4134163417,0.5575357001
0.1711505054,0.483372382,0.4805514596
0.3097265402,0.3293092358,0.5092091984
0.1539440572,0.4781293829,0.4641401268
0.2743143176,0.3660673466,0.5685365505
0.3021511739,0.385485813,0.4302228071
0.2689167723,0.4132413243,0.5281914778
0.3452797374,0.2707089086,0.5508433602
0.2803389174,0.420690329,0.4871533491
0.218021128,0.4149372607,0.5104605869
0.2878770988,0.3415149221,0.5516802704
0.2574993903,0.5005788608,0.4564407485
0.4630798136,0.5605398783,0.233445424
0.3570104539,0.2903992111,0.4742337179
0.2775133848,0.3724830245,0.4844256379
0.3181376252,0.2667749547,0.5995881445
0.3029457319,0.331595121,0.5892898592
0.1502490168,0.3525330534,0.6525329099
0.2515988989,0.3624882992,0.5717838001
0.3116722594,0.3300077975,0.5350990295
0.2208295802,0.3604396105,0.5548119871
0.2773469627,0.3492618889,0.535920326
0.264047663,0.3349681464,0.5405511056
0.3229164294,0.3002684947,0.5106671507
0.1400092089,0.5337696185,0.4744318006
0.248831478,0.334532405,0.5970732775
0.3350350073,0.1914048962,0.6180739359
0.2663169213,0.3220302422,0.5516539241
0.2819239672,0.2688018317,0.5864778333
0.2101206115,0.3798046401,0.5342005219
0.2041344855,0.3366963256,0.6348071092
0.2401485968,0.3823809315,0.53307278
0.2595063233,0.2822631196,0.621678781
0.1564131286,0.4775546265,0.4853656169
0.3353988485,0.3371092152,0.4713712908
0.32251408,0.2731719962,0.5610563113
0.2846935053,0.3270931898,0.5492130888
0.1645047153,0.3114856913,0.6517341445
0.3211518248,0.3148731267,0.5647941174
0.3394563551,0.2201089762,0.5918812218
0.2289105457,0.5454843296,0.413171823
0.3957330456,0.2178713661,0.5004390418
0.2940453969,0.3990855698,0.4490358688
0.2253681421,0.3909370751,0.6162744182
0.2445926789,0.3076222743,0.5854191657
0.2232019905,0.4268599835,0.4604315065
0.2832883436,0.3576181178,0.5252167115
0.3936266851,0.2583969836,0.5327240146
0.203479244,0.4094294339,0.4739066108
0.3946996295,0.2453915312,0.5306155975
0.2724438911,0.5075579719,0.376897205
0.3361996025,0.343771282,0.4687374872
0.3043896388,0.3609457839,0.5302480528
0.3432484881,0.2458802501,0.5629355792
0.3278264151,0.3185444239,0.5184681402
0.4630712062,0.2846154248,0.4322781814
0.346371775,0.3389466168,0.5101200199
0.3361023614,0.3629035997,0.4428340344
0.1597292749,0.4899550527,0.5087022366
0.2904459454,0.3066344442,0.5782276943
0.3547292317,0.2526905068,0.6198642292
0.1900403643,0.4398887473,0.5265383446
0.2698296156,0.3912857916,0.4947574925
0.2516805375,0.324683686,0.6276137942
0.1929129278,0.3775414588,0.5576880841
0.2764096356,0.3225234854,0.5061568047
0.1867063359,0.4250800657,0.5114523786
0.1992177417,0.3365742305,0.5688831216
0.3188045654,0.3266934257,0.5238527356
0.3267223281,0.3329579103,0.4934516031
0.3865263624,0.6094153687,0.2356017421
0.2291517015,0.604813727,0.3316355962
0.3761635621,0.3904574385,0.3685418299
0.1968415633,0.416903391,0.492242675
0.2355552323,0.3713616963,0.5032563023
0.4116081704,0.2588666602,0.4737435059
0.3319738013,0.3302991423,0.4751166143
0.3193360909,0.2771289447,0.6126950019
0.3606822493,0.3027636765,0.5120093131
0.2522146987,0.3263875699,0.5379648137
0.2911848987,0.3124388735,0.5132325015
0.2783742224,0.3396388684,0.5473631285
0.2877231606,0.2762408298,0.6419343675
0.2513194805,0.4454127074,0.4030661918
0.2712890848,0.2585420341,0.6434120055
0.2524722081,0.4613903688,0.4739189518
0.2485570498,0.3793572983,0.4960800802
0.2646670189,0.4371447836,0.4820223391
0.2967637724,0.3793271148,0.4691021807
0.2150308584,0.4961144327,0.4296616003
0.3114046025,0.3475077582,0.5275451418
0.3098845208,0.3677484033,0.5617342445
0.2955823957,0.3471500281,0.516473498
0.3232253477,0.2574081261,0.5642116365
0.3426271322,0.2686919498,0.5422781597
0.2877283153,0.2965730518,0.5641400433
0.2252909444,0.4666407458,0.4997696461
0.2665129462,0.4312439055,0.447318116
0.2416454823,0.3827374741,0.5504230074
0.2955001249,0.2522919799,0.6000519605
0.2949077974,0.4178703645,0.4820494952
0.2670622944,0.420718816,0.450513659
0.3390983699,0.3396798401,0.522627171
0.1608497256,0.471251679,0.5232820068
0.2836257793,0.3656367068,0.481991382
0.3052453051,0.3920986958,0.4121570444
0.2941877016,0.348955789,0.5520028249
0.2824737406,0.3209433988,0.6105238047
0.2787342467,0.2542822575,0.6217443146
0.3228592373,0.309791393,0.5307885583
0.1590748596,0.3475582704,0.6174363491
0.2416266643,0.4055601496,0.5030899831
0.2029040376,0.4808453426,0.4115538238
0.32777577,0.4031637786,0.4534673917
0.3303553082,0.3969327124,0.451557953
0.2904793096,0.3310621744,0.5590552687
0.2683904932,0.2195195336,0.6575270619
0.3156123082,0.3308347106,0.5523163025
0.3050277962,0.2484260543,0.6060428297
0.2891584411,0.4424636549,0.450179003
0.316123138,0.2274793684,0.6697768853
0.1805642007,0.3862914564,0.5717989346
0.3824672743,0.3054248516,0.4726498849
0.2803149698,0.4087846442,0.4299490335
0.248025964,0.5005210336,0.4320176696
0.3056900023,0.382285993,0.4443953278
0.2718466627,0.4420162804,0.5246531784
0.321284042,0.3977910933,0.4418525368
0.2833181318,0.3952887366,0.4998912064
0.2851162601,0.3520589132,0.5264229934
0.2716116723,0.3755368541,0.5521387844
0.2396401007,0.3148803516,0.5937436956
0.3490177596,0.1481615793,0.7231044426
0.2772688516,0.4043965382,0.517038901
0.3227572655,0.4808439803,0.4583415673
0.3076171903,0.2946545599,0.523866897
0.2569313038,0.3325620097,0.5742070946
0.2532278553,0.5374527646,0.3553744201
0.163245087,0.4026354432,0.645474363
0.3464178855,0.2876883329,0.4915283194
0.2939378338,0.410505678,0.5270625337
0.3854539465,0.1978789723,0.5050046213
0.2206609395,0.4382643545,0.4957528576
0.2432358398,0.4620520968,0.5002666266
0.2180157884,0.3785549169,0.5869486534
0.3001411506,0.2760050472,0.6186922176
0.3042182828,0.3636429331,0.4876302841
0.2474982765,0.3957289932,0.5461996248
0.3771098041,0.4537785853,0.3137692292
0.2836185798,0.3519021902,0.5118282878
0.1994097823,0.5520563615,0.3972282328
0.3171974276,0.247027703,0.559359615
0.3409042837,0.2478771754,0.6232263162
0.3508419532,0.2770489085,0.5239594119
0.3295716033,0.2460165509,0.5591680145
0.3169276595,0.3943100208,0.4177776828
0.2448193055,0.3974139577,0.5586070796
0.3201665636,0.3280953598,0.506289982
0.3919802321,0.1470271119,0.6511005789
0.310735404,0.2140563012,0.6560150054
0.325827933,0.3333919027,0.4789517357
0.3734250488,0.2023819278,0.5787149176
0.2997400921,0.3123848144,0.5383539916
0.2387356226,0.4207316178,0.4600641373
0.2926268594,0.39250026,0.5434786525
0.2226142854,0.4627367615,0.4391069946
0.2889004261,0.3494817875,0.487185143
0.2788227266,0.4196670411,0.5038259263
0.2994559402,0.2803354551,0.5427105365
0.1883036739,0.4898648447,0.4594259194
0.2568474423,0.3906682931,0.4790814428
0.3232107066,0.3790329288,0.5357116596
0.2992399111,0.3231828364,0.5705043305
0.405094029,0.4640692968,0.3332125484
0.1749501582,0.4888721337,0.4547649913
0.3201801134,0.5443229061,0.3068263475
0.2701654219,0.4001497978,0.4729133287
0.3939261099,0.2699836143,0.5053541608
0.2509929689,0.4743932169,0.4434201116
0.3139786568,0.3248737288,0.5360107593
0.3749854319,0.6138232879,0.2537210829
0.2713053124,0.3485713912,0.5056124666
0.409412664,0.2525809397,0.4785906786
0.2758633305,0.3565209418,0.5140281676
0.39928498,0.1659684316,0.6485602415
0.3172839929,0.3079170845,0.5674070459
0.2996881434,0.3354664596,0.5368118855
0.2052228604,0.3446904829,0.5881319874
0.2455582789,0.3322605763,0.6127778357
0.3742212832,0.3282234279,0.4564894907
0.3493869192,0.5852687757,0.3005015237
0.1503603023,0.5522189652,0.417954435
0.356052984,0.6087642042,0.2583809819
0.3090084261,0.3630576317,0.502832508
0.2994131265,0.3627487995,0.4929650146
0.4322550434,0.426735931,0.3480641885
0.3092704116,0.2526818441,0.6603469291
0.3943654999,0.5664815659,0.2437141984
0.2744000101,0.3620756439,0.408446958
0.2931645938,0.8345483158,0.2102682523
0.3126566466,0.3310107833,0.5190621167
0.2177724989,0.4841490385,0.4473071962
0.2562113595,0.2594944787,0.6132329513
0.4144501464,0.2389011082,0.4953957062
0.2691801288,0.3900461328,0.542614507
0.1895928917,0.3912682399,0.5693358609
0.2385602618,0.3807820429,0.4914404825
0.2977015338,0.3309512734,0.5234645071
0.1522202744,0.3809709693,0.6232913062
0.1482290797,0.4351644977,0.562354005
0.1712188889,0.5751057,0.4366459651
0.347118463,0.3758036351,0.4208474641
0.2787309323,0.4227967538,0.4929228144
0.3286189412,0.2994814575,0.5278647231
0.1600208367,0.5152211298,0.4591974085
0.2704189254,0.3353962321,0.5454368224
0.3028584473,0.3500431559,0.4859556757
0.3543645417,0.4116837183,0.3441747076
0.3054270662,0.3491119744,0.467030121
0.3786876769,0.5782340419,0.309515078
0.3092982578,0.3406740231,0.4908827334
0.2799297608,0.2695118881,0.5764043685
0.330039255,0.3362533943,0.5596638523
0.2763314262,0.3731620617,0.5088354492
0.2330260027,0.4135526508,0.5061202457
0.3042802833,0.3485184052,0.5385885934
0.2558670308,0.4256114875,0.4238611832
0.3267685363,0.3206620769,0.4931260684
0.3311743736,0.2580321,0.5280576146
0.2976539596,0.3029469843,0.5982679182
0.2711541701,0.3979062523,0.5731949698
0.2194820155,0.3872830539,0.5047300232
0.3174902096,0.3621714843,0.4919017859
0.2195733824,0.3578280593,0.5395205536
0.3043062687,0.3307765247,0.5091945655
0.1813832479,0.4097905824,0.5537457167
0.5581672897,0.5706201981,0.1109989249
0.2343147905,0.2407801386,0.7145774666
0.3272719627,0.3456664298,0.4723180758
0.2756925952,0.4452949801,0.504409564
0.2603396376,0.3470164073,0.5120937676
0.2839206754,0.4358633293,0.4872318707
0.3257112707,0.282325866,0.5044455595
0.268244621,0.3837960147,0.5888428188
0.3050325377,0.3116458695,0.5374451768
0.2963484972,0.3367644233,0.5417952938
0.3667075275,0.3280708529,0.4991160613
0.3600002632,0.2872143071,0.5720018254
0.3321508991,0.2999958181,0.5489030018
0.2419031476,0.3389997187,0.5178385297
0.3337152748,0.3728326873,0.4592954851
0.3081959491,0.4353696702,0.4175825806
0.3084126803,0.3431305392,0.5226925853
0.2239580207,0.4225682992,0.5067868457
0.4611530974,0.0521117372,0.7224285719
0.2519711573,0.338131536,0.5186791547
0.2438676938,0.3606037275,0.5179429977
0.2968834305,0.3339078269,0.5159404214
0.1703907013,0.4966425172,0.4866941258
0.3499999465,0.2483101259,0.5028673222
0.3195425866,0.3814727456,0.4420100479
0.3163745503,0.2892974402,0.5573083801
0.2838254164,0.3568493931,0.5288852674
0.3136164396,0.3199892954,0.5158013176
0.2604815424,0.3397832889,0.5102200799
0.2973180725,0.2217350741,0.6240773807
0.1699461864,0.4519161278,0.5086759098
0.3554523938,0.296457246,0.5048298043
0.3356925193,0.2545646048,0.5412360516
0.304493688,0.35422282,0.4812508178
0.332461246,0.6937163742,0.2755536201
0.3614306832,0.1306405407,0.6492120134
0.2870803049,0.3158515339,0.4778719709
0.3288071904,0.2938438388,0.5593557751
0.3563629087,0.4461940598,0.4272625757
0.2160941518,0.3573703176,0.5953781821
0.1858949343,0.4873415649,0.4337651316
0.2794744945,0.3833349513,0.4360841162
0.3051345258,0.4559276933,0.4114196583
0.3032562299,0.226974218,0.6137749779
0.2694051202,0.3908835581,0.520902633
0.3284680698,0.1952104839,0.6730380698
0.2697785705,0.330271152,0.5785509308
0.3108171682,0.2972260723,0.5603982665
0.2478801852,0.3456216008,0.4961270758
0.3505648025,0.4035475423,0.4244626896
0.3422235958,0.2631788699,0.5049520268
0.2772676433,0.2567682343,0.5855212007
0.2780122102,0.3884451462,0.4844030732
0.2978635543,0.3416746505,0.5236186892
0.2493291806,0.2916762069,0.6218591136
0.2685305448,0.4179763688,0.4454796918
0.3100681045,0.3042856299,0.5178664632
0.2645437146,0.4160091308,0.5451475477
0.144484419,0.5031588414,0.4928834266
0.1501760378,0.4518215051,0.5422230522
0.2552586529,0.3020029918,0.5894173802
0.2748045407,0.3241522875,0.5752009144
0.2377216956,0.5691428791,0.412637006
0.3295799671,0.3571959242,0.4588591386
0.213312908,0.4009369267,0.5392244962
0.269813356,0.4169798563,0.5042142863
0.2752624611,0.3814794848,0.5272883665
0.337348089,0.3228871736,0.5436597823
0.2538498772,0.3579266699,0.5708541057
0.319186431,0.5996020254,0.2793925215
0.2075666478,0.57080217,0.4486778631
0.3226395848,0.341164497,0.5080357979
0.2415874504,0.4071287434,0.5202468938
0.2984516436,0.2852943942,0.5752235543
0.3009210074,0.3170126513,0.5447464283
0.2508610929,0.4166641446,0.5085898675
0.2261219594,0.4463058156,0.4390365094
0.256683806,0.434785762,0.4791111817
0.3298658727,0.3138746888,0.4558973554
0.2553925051,0.380110762,0.5375079309
0.3120865076,0.3586296796,0.5531144315
0.2218068039,0.3628963623,0.6275524214
0.3095557952,0.2313269193,0.6228405972
0.1979740975,0.4612451472,0.4996440066
0.2935559353,0.3718159661,0.4431538089
0.290173037,0.39846361,0.4549488649
0.3949276003,0.2890616823,0.6225746807
0.319019583,0.2228380087,0.5473568521
0.3215460494,0.2720159022,0.5867623226
0.1976022175,0.3939611982,0.5883069712
0.4485596081,0.6257685874,0.2178192594
0.1451350942,0.4435408572,0.5226182754
0.254482616,0.4156641654,0.4662563594
0.2994050688,0.3402111867,0.5968707041
0.3091757919,0.3155448183,0.5402958524
0.2263145443,0.3938359319,0.6037211944
0.2189682598,0.3740370306,0.5675517233
0.2912124098,0.3923443709,0.505585404
0.235817122,0.3620941491,0.5089355023
0.4086961531,0.1794492197,0.6244213218
0.293944637,0.3782713697,0.5138615358
0.3836842863,0.2385133353,0.5623975279
0.4215091668,0.563244046,0.2727890755
0.3746164388,0.7529914531,0.164187315
0.3541351847,0.1437020121,0.6595521251
0.2777766594,0.3906165866,0.4846160664
0.2662203628,0.2744628715,0.6047631879
0.3283526453,0.2262583703,0.5654452038
0.3556823865,0.3336549926,0.4723658744
0.2855438003,0.3335878153,0.6120354671
0.208303358,0.4447265216,0.5355190571
0.1240007802,0.4292551803,0.5938922976
0.3039103595,0.2007988518,0.5991688518
0.3171331901,0.3579608616,0.4807186325
0.3116421841,0.3187142411,0.5325222542
0.3658246947,0.2791677485,0.5346311906
0.3050408516,0.5049874333,0.3353839458
0.322226981,0.3136491376,0.535804437
0.2907352338,0.3506495713,0.5184661476
0.3394379231,0.5815377698,0.2926914205
0.3279905143,0.298978155,0.5864320338
0.3441025048,0.3264059588,0.4554593103
0.2541046355,0.3977921106,0.4939041008
0.3049091718,0.3114181417,0.5634826832
0.3603598809,0.2100388615,0.5802559888
0.2431548021,0.376300824,0.515105843
0.3568731214,0.2840703167,0.5582716313
0.2651054367,0.4559221232,0.451408695
0.1921333377,0.3655871554,0.5960495292
0.2229940049,0.3186052941,0.5944715312
0.3165464387,0.2808771103,0.62414688
0.2947478421,0.3439349732,0.5450655868
0.3115197045,0.3203546584,0.4968613739
0.3422187032,0.294079392,0.5149997907
0.3062545665,0.2646744961,0.5565266877
0.3046417491,0.2685245131,0.7008258416
0.2785300907,0.1963160585,0.7014164044
0.3404947132,0.1970601755,0.6040500077
0.299651025,0.3471753387,0.5767505474
0.3359189717,0.298432015,0.4538127259
0.280064645,0.355420855,0.5042220199
0.1609864674,0.3966073921,0.5934599176
0.2998820884,0.3048115136,0.6569358445
0.30246939,0.3671666569,0.503144873
0.2718660934,0.3380846711,0.5200504747
0.2199652544,0.393636567,0.5012494806
0.0907357681,0.5431557196,0.552283109
0.3317605943,0.1061003169,0.716872043
0.2751281119,0.4758540568,0.3982455479
0.256584619,0.3858631423,0.5250929629
0.1938952474,0.4036434401,0.5882093327
0.2998746951,0.3176926637,0.5017949251
0.3124098925,0.336499302,0.4629004868
0.2519216236,0.4130826814,0.5086375081
0.2001658993,0.3381377733,0.625634938
0.3150452106,0.2279688258,0.6398411051
0.3040838687,0.2908699144,0.5733693297
0.273909078,0.2826587586,0.6079488429
0.3751793452,0.3553395663,0.4138803318
0.2242968955,0.4024190226,0.5463218364
0.31383976,0.2952428957,0.5870132277
0.3667094165,0.3149798137,0.5806961183
0.3878602275,0.2079077188,0.4931023072
0.2372817538,0.3455170846,0.597350575
0.2521870515,0.2684003069,0.6889319533
0.340602065,0.1875435696,0.5666298377
0.1850123522,0.4312109895,0.5298768386
0.2879304097,0.3780337182,0.4709790625
NA,0.4172002732,0.4699267094
0.2289543951,0.3969345818,0.5656771084
0.2315868668,0.3532404683,0.5538217629
0.3776339742,0.2337517307,0.5071516233
0.2854453017,0.2974639232,0.5787114311
0.2908781389,0.475817156,0.4302649175
0.1224809751,0.4651514654,0.5043415298
0.2966612398,0.3526091672,0.5710965435
0.3172945032,0.2888282196,0.5581222631
0.2759881274,0.3182043709,0.5770791653
0.1811063921,0.4542182561,0.4868722164
0.2301527883,0.4182577508,0.4940806945
0.2779462853,0.2818553376,0.5573103337
0.1838288303,0.4401795908,0.462649795
0.2877189869,0.3064154084,0.5865915662
0.3274149849,0.3796496239,0.4312660505
0.2055894869,0.4594665967,0.4540088633
0.3357221558,0.2653837477,0.4694814676
0.2951161867,0.3590637848,0.4869132511
0.2916449296,0.3489842533,0.5556540842
0.2295641361,0.3806063728,0.5524931045
0.1848766509,0.3970256062,0.523775848
0.3000232004,0.2647877244,0.5997120785
0.2224320813,0.5501941453,0.3408963286
0.3263819494,0.3817841338,0.4692735172
0.3364071504,0.2726209313,0.5802136294
0.3020669504,0.3626072342,0.5022594181
0.2126735002,0.3434808359,0.6536107945
0.2502733806,0.3830246717,0.5544511724
0.3317002776,0.2973839569,0.5316460198
0.1851637945,0.4400185058,0.4602263453
0.3078736568,0.3604488944,0.5557246606
0.2149745486,0.4296781832,0.5201773789
0.3569015979,0.1676197352,0.6453260859
0.1747159405,0.2900809623,0.6406696551
0.2853036747,0.405493109,0.486530277
0.3018152643,0.4486114386,0.4497388061
0.261488987,0.3903954567,0.5056856437
0.3299837473,0.3872570072,0.5380209595
0.306835204,0.3429604819,0.5790244614
0.2410993156,0.4994625039,0.4434180032
0.4525055885,0.6431937483,0.2695332117
0.3127380326,0.4188169159,0.4018037523
0.3105035277,0.382572662,0.4653118672
0.2612323564,0.3829068268,0.4892202509
0.4113507377,0.2643470262,0.4916331258
0.2825561128,0.4322329522,0.4317478219
0.2892427663,0.4102641965,0.4763172362
0.3959897506,0.3599052523,0.4226404415
NA,0.3915646188,0.5087628039
0.4238916505,0.2638140018,0.5781859122
0.3141671096,0.4145923195,0.4823052841
0.3063668264,0.4295955645,0.4702961599
0.4087641458,0.5286728447,0.3339977692
0.2691248262,0.4196487011,0.5091840299
0.2500571568,0.4449359219,0.5236457347
0.4417360835,0.535865173,0.3353189784
0.2507845071,0.3368318053,0.5816650887
0.4128444806,0.5759074338,0.355169349
0.3167334982,0.4241049108,0.5464475362
0.3167665553,0.4060639174,0.4694497159
0.2800484135,0.2996125955,0.6029324106
0.293341003,0.3796301908,0.5364454463
0.4152018333,0.3011826091,0.4265474027
NA,0.4177932147,0.3939378379
0.2958167411,0.4053967732,0.4646529795
0.3075156798,0.5161548258,0.3925351235
0.356970392,0.3443606027,0.4763436134
0.3063146876,0.3505218706,0.5580260681
0.3465416694,0.3435743927,0.5820440805
0.322285473,0.3260016287,0.5607707878
0.3012416371,0.4247770155,0.4855421559
0.3608877938,0.3698700832,0.4896358349
0.332459352,0.3069078856,0.5205804182
0.3684818695,0.347324595,0.4837528008
0.2749360981,0.405327422,0.4740853382
0.4580713835,0.6886128715,0.2125550358
0.2741834247,0.4245330414,0.4639551546
0.3640554182,0.2491870491,0.6028904274
0.3062216567,0.3793756835,0.509573575
0.3281275562,0.4457763007,0.4164194837
0.2410054533,0.381143423,0.531681952
0.3374148412,0.2814395267,0.6864510376
0.3050074962,0.369265414,0.4892321647
0.3344910078,0.4201103498,0.4123672085
0.3888952463,0.3569117793,0.3848182125
0.3501064072,0.3564662378,0.5375838565
0.2346314664,0.4638425545,0.4903477428
0.3240053891,0.5468059379,0.2730167175
0.3713804801,0.3451276449,0.4876409545
0.273045104,0.3238417368,0.5601917512
0.3441721481,0.4174082271,0.4010592061
0.2366991829,0.4772086864,0.4922778412
0.3561943627,0.3645133751,0.4536877372
0.2929179516,0.5088315329,0.4618832992
0.320113008,0.4051491558,0.4634815549
0.3092145881,0.377347998,0.4445302778
0.2668596917,0.3726802065,0.4831357673
0.3044133819,0.3945338224,0.4717782193
0.3302839633,0.4433967461,0.4051910559
0.3272736834,0.3619196072,0.5732056939
0.303563541,0.4246725852,0.4965650927
0.3653505416,0.3656411185,0.4808257398
0.3758802536,0.3289030838,0.5743344085
0.430311693,0.2649073765,0.5326171891
0.3108285031,0.4179282999,0.4707291755
0.4459297156,0.4591423947,0.3421390261
0.385110591,0.3258821191,0.5462377879
0.3685316197,0.4442645945,0.3600704758
0.3640970404,0.3322437807,0.5854784729
0.3786078736,0.5587390491,0.3135831855
0.3257228835,0.3886941889,0.4637426205
0.2911832307,0.4151844159,0.4086948504
0.3584528686,0.453075992,0.3408976096
0.2951057773,0.3943994856,0.4594570787
0.2905013159,0.3350632922,0.577194157
0.3719330105,0.3576323952,0.4864398157
0.2889763383,0.4246383192,0.4754032664
0.3442241386,0.4353967415,0.32333737
0.3297167482,0.3538864873,0.5135194357
0.3330819335,0.3584507578,0.4837237358
0.3828100322,0.3499434989,0.5174083593
0.3334911322,0.4007272383,0.487335213
0.3109590865,0.3240796356,0.6171158588
0.3109451523,0.3776421767,0.5245826997
0.2676480485,0.4952446051,0.4844461268
0.2994439688,0.3958670137,0.4883860861
0.2548526189,0.4411904411,0.4989686907
0.3707355645,0.2307390831,0.603250484
0.3432103529,0.4129039909,0.4922933246
0.3009315427,0.4293597626,0.4842785869
0.2325355519,0.4982559094,0.3790435509
0.2809549914,0.3460870709,0.5106208176
0.4193359502,0.7620897183,0.0967988669
0.3837840535,0.3022237296,0.5608537358
0.320158755,0.3801019766,0.5315641725
0.3839640512,0.3916202469,0.449373345
0.3033647913,0.3978195929,0.4976882448
0.2266034699,0.3728010468,0.4884849938
0.4671402855,0.7039716684,0.1526893279
0.2577392895,0.4365359336,0.4201528282
0.3788034328,0.3135166243,0.5638526426
0.2839726414,0.3844575356,0.5232048388
0.3627761543,0.3109058226,0.5180978151
0.3318581286,0.3217442538,0.5905225436
0.2191377864,0.4643557532,0.4734596038
0.4897612954,0.5698177539,0.2735193994
0.3837282296,0.316832353,0.5777301511
0.2429482835,0.4362315269,0.4832564357
0.4118651728,0.3344528577,0.5249336778
0.2920916252,0.3705820803,0.4736853243
0.2100054641,0.4332421633,0.5291450871
0.4021229877,0.4728570272,0.3321234701
0.3198186012,0.4183267122,0.5286247681
0.3073197714,0.5520222097,0.3687174103
0.3412539058,0.3870468488,0.4994118681
0.2392895535,0.4639375712,0.4759879065
0.3833451665,0.3089119679,0.5709176721
0.2982038724,0.4103581464,0.4696848201
0.3382411547,0.3503520531,0.4871874774
0.462946864,0.4284010434,0.3515476445
0.3551622479,0.4563331877,0.4231932754
0.3895102086,0.2605016951,0.5917334122
0.2752927726,0.3645712949,0.5254003518
0.3527091591,0.3359325655,0.4581546582
0.293207341,0.4103490736,0.5571154089
0.2941819274,0.4058334252,0.5166203115
0.3238725379,0.4176745898,0.4122521768
0.3425701965,0.3276974681,0.4502564073
0.2914134335,0.3860531628,0.5370860746
0.3018030116,0.4144509333,0.5486165114
0.3067914859,0.453092316,0.4023171824
0.2965195549,0.3581189809,0.54273546
0.4257625772,0.4815687193,0.3940112321
0.2700844725,0.4178580201,0.5096885138
0.3008602181,0.4038893909,0.4313422007
0.3227624813,0.3083071825,0.601579885
0.279493516,0.2876423582,0.5710402708
0.2752754246,0.4316083172,0.4560118418
0.2761566918,0.3036587918,0.5294288776
0.3365839684,0.3342019167,0.5507338932
0.2759108381,0.4271676497,0.4697370391
0.2913244566,0.3138714792,0.6725053172
0.4772946415,0.4757556228,0.3107174766
0.3136212028,0.4679427697,0.5181959665
0.3242810123,0.4128700241,0.4765032754
0.3887670227,0.2496113546,0.5958191417
0.46921806,0.2334276344,0.5858285271
0.6394094358,0.5222943582,0.1851820214
0.3625803172,0.4268038983,0.3953323703
0.3388668271,0.2476936389,0.6787391001
0.6457252398,0.5006044686,0.1453518224
0.3407650233,0.3567852541,0.4701987403
0.263390377,0.4086104893,0.4921651316
0.2786976755,0.467045158,0.4039077012
0.3617401644,0.3697803761,0.4917410512
0.3752061639,0.7694410785,0.1875394872
0.3183740229,0.4098916064,0.4777028881
0.230192781,0.4222898259,0.501838128
0.3487725255,0.5299715508,0.3596164645
0.2842383886,0.3956988097,0.5239250455
0.3707217804,0.3430164718,0.5680027132
0.3186353732,0.3733238744,0.5017306326
0.4117902069,0.5255640097,0.3261929791
0.4978622499,0.7262395191,0.0349964664
0.3054968139,0.3175443563,0.4975442916
0.2054891261,0.4343664024,0.5435534987
0.3627632943,0.3367747461,0.4310547154
0.2885905687,0.3788248218,0.5881596757
0.2999852811,0.3871689021,0.5439705903
0.3962455717,0.3009400991,0.4787938256
0.2113523483,0.4534704593,0.5241771766
0.5742207165,0.524172392,0.2564780535
0.268657379,0.432721601,0.4650868975
0.3436445503,0.3907634894,0.4654915936
0.306974538,0.3927315759,0.5087272106
0.2872874242,0.4373211095,0.466228045
0.3048924848,0.3958385563,0.5496962474
0.3481280194,0.3290601986,0.5046875677
0.2848660559,0.5787138051,0.3460854222
0.2866110702,0.3836642101,0.5417923892
0.1617436952,0.4323187231,0.4742627321
0.2529912974,0.4603078062,0.4819606482
0.3318786631,0.3831739693,0.4609554072
0.2871838664,0.5188934002,0.3810639348
0.5577517109,0.4012809131,0.3045496278
0.2767449262,0.3815543501,0.4676754596
0.2950548175,0.3338397931,0.5589676713
0.2634081147,0.3932101795,0.5052066986
0.3622549114,0.3647786763,0.4786745241
0.3099571069,0.409217606,0.490521039
0.3133614865,0.3557876404,0.4769174001
0.3236951892,0.3840745373,0.4737539301
0.329665137,0.3617606226,0.4969018757
0.3088517059,0.3680496196,0.5621870619
0.2476629027,0.4158889151,0.5996980968
0.3882913642,0.3129083634,0.5427428786
0.3914644989,0.4856989102,0.357832247
0.2933541074,0.5503580751,0.453418002
0.3403197475,0.3345752264,0.5328069364
0.3404353025,0.3514555884,0.5450781654
0.4060757801,0.3389917112,0.5452023991
0.0676374901,0.6589390266,0.4320380981
0.2939028316,0.3985099082,0.4463743259
0.2826130139,0.4031247301,0.4437050285
0.2856595317,0.4420719054,0.4853030084
0.3310172767,0.3556477923,0.460706785
0.3428631194,0.3768310732,0.4581945863
0.2934273373,0.3465396818,0.5244468681
0.4268339638,0.3415592458,0.4416326804
0.2957371733,0.3557663015,0.5241710009
0.2733410548,0.4117686962,0.5298871848
0.3440963317,0.3260132082,0.5663944228
0.4846214334,0.247264807,0.5148022856
0.2582592617,0.3866295378,0.5452665765
0.3621938655,0.3531886937,0.5845434609
0.1927805763,0.4060803734,0.492318918
0.2667690699,0.4246252592,0.4747401221
0.2486988702,0.3741956236,0.5771883087
0.334870604,0.3566788037,0.5952061689
0.320854915,0.3805622206,0.4738318592
0.3508883514,0.3897419557,0.5088484019
0.321716598,0.413107762,0.4267776128
0.2614339715,0.4561498101,0.4767909969
0.2580980936,0.3963526227,0.43122778
0.2454447426,0.4157985574,0.4836976865
0.2530539055,0.3135857823,0.5412874393
0.3632670798,0.4304574904,0.4166027612
0.2023609215,0.4903286122,0.4248445168
0.357774009,0.3230744404,0.5633528473
0.2554173402,0.4179110603,0.4498177064
0.3136395159,0.3339262292,0.5419473831
0.3749982523,0.4286621785,0.4685616842
0.1796883894,0.4406685032,0.5055623865
0.2565167763,0.4320736663,0.506301757
0.4016736019,0.3287331457,0.485667172
0.8258962441,0.2731781464,0.1829906784
0.2285919643,0.4044479703,0.5143453718
0.3959041537,0.340232474,0.344820214
0.311413783,0.3959792846,0.5110238879
0.3077756076,0.3974423118,0.517177948
0.3989438175,0.4961244834,0.4030870563
0.3223759924,0.4775821504,0.4132015791
0.3279743989,0.3343421698,0.5556094116
0.3198823291,0.4118896155,0.4617466899
0.3404718857,0.3922102677,0.4392302807
0.3578290702,0.4490612334,0.3835488104
0.3220397789,0.367698986,0.5567215375
0.2863835317,0.4004981414,0.4787929457
0.2679621329,0.4020217063,0.5407364907
0.484182334,0.6787431023,0.1852938468
0.3665185446,0.5741824721,0.302757936
0.2337255386,0.5093869035,0.4310750701
0.321471877,0.3746962866,0.4683534204
0.3264840285,0.3024932363,0.6141420627
